t_iso,t_elapsed_s,RAW_PK_A,FILT_PK_A,FILT_AVG_A,MAX_FLTCNT,DUTY,VDC,RPM,STATE,FAULT
2026-08-31T23:40:13.119,0.000,0.018,0.008,0.003,0,0,23.84,0,3,3
2026-08-31T23:40:13.519,0.400,0.018,0.008,0.003,0,0,23.84,0,3,3
2026-08-31T23:40:14.119,1.000,0.018,0.008,0.003,0,0,23.85,0,3,3
2026-08-31T23:40:14.520,1.401,0.018,0.009,0.003,0,0,23.85,0,3,3
2026-08-31T23:40:15.120,2.001,0.018,0.008,0.002,0,0,23.85,0,3,3
2026-08-31T23:40:15.520,2.401,0.018,0.008,0.003,0,0,23.85,0,3,3
2026-08-31T23:40:16.120,3.001,0.018,0.007,0.003,0,0,23.85,0,3,3
2026-08-31T23:40:16.519,3.400,0.018,0.008,0.003,0,0,23.85,0,3,3
2026-08-31T23:40:17.120,4.001,0.013,0.007,0.002,0,0,23.86,0,3,3
2026-08-31T23:40:17.519,4.400,0.018,0.008,0.003,0,0,23.85,0,3,3
2026-08-31T23:40:18.120,5.000,0.018,0.007,0.003,0,0,23.85,0,3,3
2026-08-31T23:40:18.519,5.400,0.024,0.008,0.003,0,0,23.85,0,1,0
2026-08-31T23:40:19.120,6.001,0.018,0.008,0.003,0,0,23.84,0,2,0
2026-08-31T23:40:19.519,6.400,0.899,0.516,0.064,0,12,23.84,173,2,0
2026-08-31T23:40:20.120,7.001,1.109,0.539,0.202,0,29,23.82,1229,2,0
2026-08-31T23:40:20.520,7.401,1.104,0.537,0.204,0,29,23.84,1335,2,0
2026-08-31T23:40:21.119,8.000,1.109,0.532,0.204,0,29,23.81,1347,2,0
2026-08-31T23:40:21.519,8.400,1.109,0.539,0.204,0,29,23.84,1342,2,0
2026-08-31T23:40:22.120,9.001,1.104,0.541,0.204,0,29,23.82,1347,2,0
2026-08-31T23:40:22.519,9.400,1.109,0.538,0.194,0,0,23.84,1324,3,3
2026-08-31T23:40:23.120,10.001,0.018,0.008,0.003,0,0,23.85,224,3,3
2026-08-31T23:40:23.519,10.400,0.018,0.009,0.003,0,0,23.85,95,3,3
2026-08-31T23:40:24.120,11.001,0.018,0.007,0.003,0,0,23.85,4,3,3
2026-08-31T23:40:24.520,11.401,0.018,0.008,0.003,0,0,23.86,0,3,3
2026-08-31T23:40:25.119,12.000,0.018,0.007,0.003,0,0,23.85,0,3,3
2026-08-31T23:40:25.519,12.400,0.018,0.007,0.003,0,0,23.85,0,3,3
2026-08-31T23:40:26.120,13.001,0.018,0.007,0.003,0,0,23.84,0,3,3
2026-08-31T23:40:26.519,13.400,0.018,0.007,0.003,0,0,23.85,0,3,3
2026-08-31T23:40:27.120,14.001,0.013,0.007,0.003,0,0,23.85,0,1,0
2026-08-31T23:40:27.519,14.400,0.018,0.008,0.003,0,0,23.85,0,1,0
2026-08-31T23:40:28.120,15.001,0.222,0.218,0.01,0,3,23.84,0,2,0
2026-08-31T23:40:28.519,15.400,1.087,0.553,0.195,0,29,23.81,1036,2,0
2026-08-31T23:40:29.119,16.000,1.104,0.533,0.204,0,29,23.82,1334,2,0
2026-08-31T23:40:29.519,16.400,1.098,0.538,0.204,0,29,23.84,1344,2,0
2026-08-31T23:40:30.127,17.008,1.109,0.535,0.204,0,29,23.81,1346,2,0
2026-08-31T23:40:30.519,17.400,1.109,0.535,0.204,0,29,23.84,1336,2,0
2026-08-31T23:40:31.119,18.000,1.104,0.537,0.203,0,29,23.84,1347,2,0
2026-08-31T23:40:31.520,18.401,1.071,0.532,0.026,0,0,23.85,315,3,3
2026-08-31T23:40:32.119,19.000,0.018,0.008,0.003,0,0,23.85,13,3,3
2026-08-31T23:40:32.519,19.400,0.018,0.009,0.003,0,0,23.86,0,3,3
2026-08-31T23:40:33.119,20.000,0.018,0.008,0.003,0,0,23.84,0,3,3
2026-08-31T23:40:33.520,20.401,0.018,0.007,0.003,0,0,23.85,0,3,3
2026-08-31T23:40:34.119,21.000,0.018,0.007,0.003,0,0,23.84,0,3,3
2026-08-31T23:40:34.519,21.400,0.018,0.007,0.003,0,0,23.85,0,3,3
2026-08-31T23:40:35.119,22.000,0.018,0.008,0.003,0,0,23.85,0,3,3
2026-08-31T23:40:35.519,22.400,0.018,0.008,0.003,0,0,23.85,0,3,3
2026-08-31T23:40:36.120,23.001,0.018,0.007,0.003,0,0,23.85,0,1,0
2026-08-31T23:40:36.519,23.400,0.018,0.008,0.003,0,0,23.85,0,1,0
2026-08-31T23:40:37.120,24.001,0.233,0.229,0.009,0,3,23.84,0,2,0
2026-08-31T23:40:37.519,24.400,1.093,0.661,0.2,0,29,23.81,1036,2,0
2026-08-31T23:40:38.119,25.000,1.109,0.536,0.203,0,29,23.84,1333,2,0
2026-08-31T23:40:38.519,25.400,1.114,0.537,0.204,0,29,23.82,1346,2,0
2026-08-31T23:40:39.129,26.010,1.114,0.536,0.204,0,29,23.82,1346,2,0
2026-08-31T23:40:39.520,26.401,1.114,0.538,0.203,0,29,23.84,1348,2,0
2026-08-31T23:40:40.119,27.000,1.109,0.535,0.204,0,29,23.81,1347,2,0
2026-08-31T23:40:40.519,27.400,1.087,0.517,0.026,0,0,23.85,203,3,3
2026-08-31T23:40:41.119,28.000,0.018,0.007,0.003,0,0,23.85,10,3,3
2026-08-31T23:40:41.519,28.400,0.018,0.007,0.003,0,0,23.85,0,3,3
2026-08-31T23:40:42.120,29.001,0.018,0.008,0.003,0,0,23.84,0,3,3
2026-08-31T23:40:42.520,29.401,0.018,0.008,0.003,0,0,23.85,0,3,3
2026-08-31T23:40:43.120,30.001,0.013,0.007,0.003,0,0,23.86,0,3,3
2026-08-31T23:40:43.520,30.401,0.018,0.007,0.003,0,0,23.86,0,3,3
2026-08-31T23:40:44.119,31.000,0.018,0.008,0.003,0,0,23.85,0,3,3
2026-08-31T23:40:44.519,31.400,0.018,0.008,0.003,0,0,23.85,0,3,3
2026-08-31T23:40:45.120,32.001,0.018,0.007,0.003,0,0,23.85,0,1,0
2026-08-31T23:40:45.519,32.400,0.018,0.008,0.003,0,0,23.84,0,1,0
2026-08-31T23:40:46.120,33.001,0.905,0.476,0.022,0,5,23.85,0,2,0
2026-08-31T23:40:46.519,33.400,1.109,0.56,0.194,0,29,23.81,1079,2,0
2026-08-31T23:40:47.119,34.000,1.114,0.535,0.202,0,29,23.84,1336,2,0
2026-08-31T23:40:47.519,34.400,1.114,0.535,0.203,0,29,23.82,1348,2,0
2026-08-31T23:40:48.126,35.007,1.109,0.534,0.203,0,29,23.82,1347,2,0
2026-08-31T23:40:48.519,35.400,1.098,0.534,0.203,0,29,23.84,1347,2,0
2026-08-31T23:40:49.120,36.001,1.109,0.535,0.203,0,29,23.82,1346,2,0
2026-08-31T23:40:49.520,36.401,1.104,0.535,0.027,0,0,23.85,262,3,3
2026-08-31T23:40:50.119,37.000,0.018,0.008,0.003,0,0,23.85,21,3,3
2026-08-31T23:40:50.520,37.401,0.018,0.008,0.003,0,0,23.85,0,3,3
2026-08-31T23:40:51.119,38.000,0.018,0.008,0.003,0,0,23.85,0,3,3
2026-08-31T23:40:51.519,38.400,0.013,0.007,0.002,0,0,23.84,0,3,3
2026-08-31T23:40:52.119,39.000,0.018,0.008,0.003,0,0,23.85,0,3,3
2026-08-31T23:40:52.520,39.401,0.018,0.008,0.003,0,0,23.85,0,3,3
2026-08-31T23:40:53.120,40.001,0.018,0.008,0.003,0,0,23.85,0,3,3
2026-08-31T23:40:53.520,40.401,0.018,0.007,0.003,0,0,23.84,0,3,3
2026-08-31T23:40:54.120,41.001,0.018,0.007,0.003,0,0,23.85,0,1,0
2026-08-31T23:40:54.519,41.400,0.018,0.008,0.004,0,0,23.86,0,1,0
2026-08-31T23:40:55.120,42.001,0.131,0.122,0.005,0,3,23.84,0,2,0
2026-08-31T23:40:55.520,42.401,1.104,0.552,0.197,0,29,23.81,1007,2,0
2026-08-31T23:40:56.120,43.001,1.114,0.538,0.203,0,29,23.84,1333,2,0
2026-08-31T23:40:56.520,43.401,1.109,0.542,0.203,0,29,23.81,1347,2,0
2026-08-31T23:40:57.124,44.005,1.114,0.534,0.203,0,29,23.84,1345,2,0
2026-08-31T23:40:57.520,44.401,1.098,0.533,0.203,0,29,23.84,1348,2,0
2026-08-31T23:40:58.119,45.000,1.104,0.53,0.185,0,0,23.84,1291,3,3
2026-08-31T23:40:58.519,45.400,0.013,0.008,0.003,0,0,23.85,192,3,3
2026-08-31T23:40:59.119,46.000,0.018,0.008,0.003,0,0,23.84,26,3,3
2026-08-31T23:40:59.520,46.401,0.018,0.008,0.003,0,0,23.85,1,3,3
2026-08-31T23:41:00.119,47.000,0.018,0.008,0.003,0,0,23.84,0,3,3
2026-08-31T23:41:00.519,47.400,0.018,0.008,0.003,0,0,23.84,0,3,3
2026-08-31T23:41:01.142,48.023,0.018,0.008,0.003,0,0,23.85,0,3,3
2026-08-31T23:41:01.519,48.400,0.018,0.007,0.003,0,0,23.85,0,3,3
2026-08-31T23:41:02.120,49.001,0.018,0.008,0.003,0,0,23.84,0,3,3
2026-08-31T23:41:02.519,49.400,0.018,0.007,0.003,0,0,23.85,0,1,0
2026-08-31T23:41:03.119,50.000,0.018,0.008,0.004,0,0,23.84,0,2,0
2026-08-31T23:41:03.519,50.400,0.851,0.597,0.036,0,6,23.84,4,2,0
2026-08-31T23:41:04.119,51.000,1.087,0.549,0.194,0,29,23.84,1120,2,0
2026-08-31T23:41:04.519,51.400,1.104,0.535,0.202,0,29,23.82,1339,2,0
2026-08-31T23:41:05.119,52.000,1.109,0.533,0.201,0,29,23.84,1346,2,0
2026-08-31T23:41:05.519,52.400,1.114,0.531,0.201,0,29,23.84,1350,2,0
2026-08-31T23:41:06.120,53.001,1.109,0.531,0.2,0,29,23.82,1348,2,0
2026-08-31T23:41:06.520,53.401,1.114,0.533,0.2,0,29,23.84,1350,2,0
2026-08-31T23:41:07.120,54.001,1.104,0.519,0.026,0,0,23.84,157,3,3
2026-08-31T23:41:07.520,54.401,0.018,0.007,0.003,0,0,23.84,6,3,3
2026-08-31T23:41:08.120,55.001,0.018,0.007,0.003,0,0,23.84,0,3,3
2026-08-31T23:41:08.520,55.401,0.018,0.008,0.003,0,0,23.84,0,3,3
2026-08-31T23:41:09.119,56.000,0.018,0.008,0.003,0,0,23.85,0,3,3
2026-08-31T23:41:09.520,56.401,0.018,0.007,0.003,0,0,23.85,0,3,3
2026-08-31T23:41:10.137,57.018,0.018,0.007,0.003,0,0,23.85,0,3,3
2026-08-31T23:41:10.519,57.400,0.018,0.008,0.003,0,0,23.85,0,3,3
2026-08-31T23:41:11.120,58.001,0.018,0.008,0.003,0,0,23.85,0,3,3
2026-08-31T23:41:11.519,58.400,0.018,0.008,0.003,0,0,23.85,0,1,0
2026-08-31T23:41:12.120,59.001,0.018,0.008,0.003,0,0,23.84,0,2,0
2026-08-31T23:41:12.520,59.401,0.91,0.531,0.068,0,13,23.85,189,2,0
2026-08-31T23:41:13.119,60.000,1.114,0.544,0.201,0,29,23.84,1231,2,0
2026-08-31T23:41:13.520,60.401,1.12,0.535,0.202,0,29,23.82,1345,2,0
2026-08-31T23:41:14.119,61.000,1.104,0.532,0.201,0,29,23.82,1346,2,0
2026-08-31T23:41:14.520,61.401,1.109,0.532,0.201,0,29,23.85,1349,2,0
2026-08-31T23:41:15.119,62.000,1.109,0.534,0.2,0,29,23.84,1349,2,0
2026-08-31T23:41:15.519,62.400,1.114,0.532,0.2,0,29,23.82,1350,2,0
2026-08-31T23:41:16.119,63.000,1.109,0.53,0.065,0,0,23.85,284,3,3
2026-08-31T23:41:16.519,63.400,0.018,0.008,0.003,0,0,23.84,12,3,3
2026-08-31T23:41:17.119,64.000,0.018,0.008,0.003,0,0,23.85,0,3,3
2026-08-31T23:41:17.519,64.400,0.018,0.007,0.003,0,0,23.85,0,3,3
2026-08-31T23:41:18.120,65.001,0.018,0.008,0.002,0,0,23.84,0,3,3
2026-08-31T23:41:18.519,65.400,0.018,0.008,0.003,0,0,23.85,0,3,3
2026-08-31T23:41:19.136,66.017,0.018,0.007,0.002,0,0,23.85,0,3,3
2026-08-31T23:41:19.519,66.400,0.018,0.007,0.002,0,0,23.84,0,3,3
2026-08-31T23:41:20.119,67.000,0.013,0.008,0.002,0,0,23.85,0,3,3
2026-08-31T23:41:20.520,67.400,0.018,0.008,0.003,0,0,23.84,0,1,0
2026-08-31T23:41:21.120,68.001,0.018,0.008,0.003,0,0,23.84,0,2,0
2026-08-31T23:41:21.520,68.401,0.894,0.576,0.064,0,12,23.85,156,2,0
2026-08-31T23:41:22.120,69.001,1.104,0.552,0.2,0,29,23.84,1223,2,0
2026-08-31T23:41:22.519,69.400,1.125,0.537,0.201,0,29,23.81,1344,2,0
2026-08-31T23:41:23.119,70.000,1.109,0.534,0.2,0,29,23.84,1344,2,0
2026-08-31T23:41:23.519,70.400,1.114,0.533,0.201,0,29,23.82,1350,2,0
2026-08-31T23:41:24.119,71.000,1.109,0.53,0.2,0,29,23.81,1350,2,0
2026-08-31T23:41:24.519,71.400,1.114,0.534,0.2,0,29,23.84,1350,2,0
2026-08-31T23:41:25.119,72.000,1.104,0.533,0.065,0,0,23.85,342,3,3
2026-08-31T23:41:25.519,72.400,0.018,0.007,0.003,0,0,23.85,14,3,3
2026-08-31T23:41:26.119,73.000,0.018,0.007,0.003,0,0,23.85,0,3,3
2026-08-31T23:41:26.519,73.400,0.018,0.007,0.003,0,0,23.85,0,3,3
2026-08-31T23:41:27.119,74.000,0.018,0.007,0.003,0,0,23.85,0,3,3
2026-08-31T23:41:27.519,74.400,0.018,0.007,0.002,0,0,23.85,0,3,3
2026-08-31T23:41:28.132,75.013,0.018,0.007,0.003,0,0,23.85,0,3,3
2026-08-31T23:41:28.519,75.400,0.018,0.008,0.003,0,0,23.85,0,3,3
2026-08-31T23:41:29.119,76.000,0.018,0.008,0.003,0,0,23.85,0,3,3
2026-08-31T23:41:29.519,76.400,0.018,0.008,0.002,0,0,23.84,0,3,3
2026-08-31T23:41:30.119,77.000,0.013,0.007,0.002,0,0,23.84,0,3,3
2026-08-31T23:41:30.520,77.401,0.018,0.007,0.003,0,0,23.85,0,1,0
2026-08-31T23:41:31.120,78.001,0.018,0.008,0.003,0,0,23.85,0,2,0
2026-08-31T23:41:31.520,78.401,0.867,0.531,0.052,0,10,23.84,101,2,0
2026-08-31T23:41:32.120,79.001,1.109,0.544,0.198,0,29,23.84,1185,2,0
2026-08-31T23:41:32.519,79.400,1.109,0.532,0.201,0,29,23.82,1344,2,0
2026-08-31T23:41:33.120,80.001,1.104,0.532,0.2,0,29,23.81,1350,2,0
2026-08-31T23:41:33.520,80.401,1.12,0.533,0.2,0,29,23.84,1350,2,0
2026-08-31T23:41:34.120,81.001,1.104,0.532,0.2,0,29,23.82,1350,2,0
2026-08-31T23:41:34.520,81.401,1.104,0.533,0.2,0,29,23.81,1350,2,0
2026-08-31T23:41:35.120,82.001,1.12,0.525,0.027,0,0,23.84,232,3,3
2026-08-31T23:41:35.520,82.401,0.018,0.008,0.003,0,0,23.84,12,3,3
2026-08-31T23:41:36.119,83.000,0.018,0.008,0.003,0,0,23.81,0,3,3
2026-08-31T23:41:36.520,83.400,0.018,0.007,0.003,0,0,23.84,0,3,3
2026-08-31T23:41:37.120,84.001,0.013,0.007,0.003,0,0,23.84,0,3,3
2026-08-31T23:41:37.519,84.400,0.018,0.007,0.003,0,0,23.85,0,3,3
2026-08-31T23:41:38.133,85.014,0.018,0.008,0.003,0,0,23.84,0,3,3
2026-08-31T23:41:38.519,85.400,0.018,0.007,0.003,0,0,23.85,0,3,3
2026-08-31T23:41:39.120,86.001,0.018,0.008,0.003,0,0,23.85,0,3,3
2026-08-31T23:41:39.519,86.400,0.018,0.007,0.003,0,0,23.84,0,1,0
2026-08-31T23:41:40.120,87.001,0.018,0.008,0.003,0,0,23.84,0,2,0
2026-08-31T23:41:40.519,87.400,0.873,0.526,0.051,0,10,23.84,93,2,0
2026-08-31T23:41:41.119,88.000,1.093,0.537,0.198,0,29,23.84,1194,2,0
2026-08-31T23:41:41.519,88.400,1.109,0.534,0.2,0,29,23.81,1343,2,0
2026-08-31T23:41:42.120,89.001,1.104,0.53,0.199,0,29,23.82,1351,2,0
2026-08-31T23:41:42.520,89.401,1.12,0.525,0.199,0,29,23.84,1351,2,0
2026-08-31T23:41:43.120,90.001,1.109,0.532,0.2,0,29,23.82,1351,2,0
2026-08-31T23:41:43.519,90.400,1.109,0.531,0.2,0,29,23.81,1350,2,0
2026-08-31T23:41:44.120,91.001,1.098,0.531,0.063,0,0,23.85,347,3,3
2026-08-31T23:41:44.520,91.401,0.018,0.008,0.003,0,0,23.84,23,3,3
2026-08-31T23:41:45.120,92.001,0.018,0.008,0.003,0,0,23.85,1,3,3
2026-08-31T23:41:45.519,92.400,0.018,0.008,0.003,0,0,23.85,0,3,3
2026-08-31T23:41:46.120,93.001,0.018,0.008,0.003,0,0,23.84,0,3,3
2026-08-31T23:41:46.519,93.400,0.018,0.008,0.003,0,0,23.86,0,3,3
2026-08-31T23:41:47.142,94.023,0.018,0.008,0.003,0,0,23.84,0,3,3
2026-08-31T23:41:47.519,94.400,0.018,0.007,0.003,0,0,23.85,0,3,3
2026-08-31T23:41:48.120,95.001,0.018,0.008,0.003,0,0,23.85,0,3,3
2026-08-31T23:41:48.520,95.400,0.018,0.007,0.003,0,0,23.85,0,1,0
2026-08-31T23:41:49.119,96.000,0.018,0.007,0.003,0,0,23.85,0,2,0
2026-08-31T23:41:49.519,96.400,0.846,0.495,0.046,0,9,23.85,62,2,0
2026-08-31T23:41:50.120,97.001,1.098,0.538,0.195,0,29,23.81,1177,2,0
2026-08-31T23:41:50.519,97.400,1.109,0.53,0.199,0,29,23.84,1343,2,0
2026-08-31T23:41:51.119,98.000,1.114,0.529,0.199,0,29,23.84,1350,2,0
2026-08-31T23:41:51.520,98.401,1.12,0.532,0.199,0,29,23.82,1352,2,0
2026-08-31T23:41:52.120,99.001,1.109,0.532,0.2,0,29,23.81,1351,2,0
2026-08-31T23:41:52.519,99.400,1.104,0.531,0.199,0,29,23.82,1351,2,0
2026-08-31T23:41:53.120,100.001,1.093,0.524,0.042,0,0,23.86,297,3,3
2026-08-31T23:41:53.519,100.400,0.018,0.007,0.003,0,0,23.85,33,3,3
2026-08-31T23:41:54.120,101.001,0.013,0.008,0.003,0,0,23.85,1,3,3
2026-08-31T23:41:54.519,101.400,0.013,0.008,0.003,0,0,23.84,0,3,3
2026-08-31T23:41:55.120,102.000,0.018,0.008,0.003,0,0,23.85,0,3,3
2026-08-31T23:41:55.520,102.401,0.018,0.008,0.003,0,0,23.85,0,3,3
2026-08-31T23:41:56.139,103.020,0.018,0.008,0.003,0,0,23.85,0,3,3
2026-08-31T23:41:56.519,103.400,0.018,0.008,0.003,0,0,23.85,0,3,3
2026-08-31T23:41:57.119,104.000,0.018,0.008,0.003,0,0,23.84,0,3,3
2026-08-31T23:41:57.519,104.400,0.018,0.008,0.003,0,0,23.84,0,1,0
2026-08-31T23:41:58.119,105.000,0.018,0.008,0.004,0,0,23.84,0,2,0
2026-08-31T23:41:58.519,105.400,0.921,0.53,0.076,0,14,23.84,232,2,0
2026-08-31T23:41:59.120,106.000,1.109,0.549,0.201,0,29,23.85,1251,2,0
2026-08-31T23:41:59.520,106.401,1.104,0.532,0.2,0,29,23.84,1343,2,0
2026-08-31T23:42:00.119,107.000,1.12,0.532,0.199,0,29,23.81,1351,2,0
2026-08-31T23:42:00.519,107.400,1.12,0.528,0.199,0,29,23.82,1348,2,0
2026-08-31T23:42:01.120,108.001,1.104,0.532,0.199,0,29,23.84,1351,2,0
2026-08-31T23:42:01.520,108.401,1.114,0.531,0.2,0,29,23.84,1347,2,0
2026-08-31T23:42:02.119,109.000,1.104,0.529,0.024,0,0,23.84,231,3,3
2026-08-31T23:42:02.520,109.401,0.018,0.008,0.003,0,0,23.85,39,3,3
2026-08-31T23:42:03.119,110.000,0.018,0.007,0.003,0,0,23.84,1,3,3
2026-08-31T23:42:03.519,110.400,0.018,0.007,0.003,0,0,23.85,0,3,3
2026-08-31T23:42:04.120,111.001,0.018,0.007,0.003,0,0,23.84,0,3,3
2026-08-31T23:42:04.520,111.401,0.018,0.007,0.003,0,0,23.85,0,3,3
2026-08-31T23:42:05.143,112.024,0.018,0.008,0.003,0,0,23.85,0,3,3
2026-08-31T23:42:05.521,112.402,0.018,0.008,0.003,0,0,23.84,0,3,3
2026-08-31T23:42:06.120,113.001,0.018,0.008,0.003,0,0,23.85,0,3,3
2026-08-31T23:42:06.519,113.400,0.018,0.007,0.003,0,0,23.84,0,1,0
2026-08-31T23:42:07.120,114.001,0.018,0.008,0.004,0,0,23.82,0,2,0
2026-08-31T23:42:07.519,114.400,0.873,0.624,0.04,0,7,23.84,20,2,0
2026-08-31T23:42:08.119,115.000,1.093,0.545,0.193,0,29,23.82,1145,2,0
2026-08-31T23:42:08.519,115.400,1.104,0.531,0.2,0,29,23.82,1341,2,0
2026-08-31T23:42:09.119,116.000,1.109,0.538,0.2,0,29,23.84,1350,2,0
2026-08-31T23:42:09.519,116.400,1.109,0.527,0.2,0,29,23.82,1349,2,0
2026-08-31T23:42:10.120,117.001,1.114,0.532,0.2,0,29,23.82,1350,2,0
2026-08-31T23:42:10.519,117.400,1.114,0.53,0.2,0,29,23.84,1348,2,0
2026-08-31T23:42:11.120,118.001,1.098,0.535,0.025,0,0,23.85,285,3,3
2026-08-31T23:42:11.519,118.400,0.018,0.008,0.003,0,0,23.85,95,3,3
2026-08-31T23:42:12.119,119.000,0.018,0.008,0.003,0,0,23.85,4,3,3
2026-08-31T23:42:12.519,119.400,0.018,0.008,0.003,0,0,23.84,0,3,3
2026-08-31T23:42:13.119,120.000,0.018,0.007,0.003,0,0,23.85,0,3,3
2026-08-31T23:42:13.519,120.400,0.018,0.008,0.003,0,0,23.84,0,3,3
2026-08-31T23:42:14.135,121.016,0.018,0.008,0.003,0,0,23.84,0,3,3
2026-08-31T23:42:14.519,121.400,0.018,0.008,0.003,0,0,23.85,0,3,3
2026-08-31T23:42:15.120,122.001,0.018,0.008,0.003,0,0,23.85,0,3,3
2026-08-31T23:42:15.519,122.400,0.018,0.008,0.003,0,0,23.85,0,1,0
2026-08-31T23:42:16.120,123.001,0.018,0.008,0.003,0,0,23.85,0,2,0
2026-08-31T23:42:16.519,123.400,0.878,0.527,0.055,0,11,23.84,118,2,0
2026-08-31T23:42:17.119,124.000,1.104,0.543,0.198,0,29,23.82,1208,2,0
2026-08-31T23:42:17.520,124.401,1.114,0.53,0.2,0,29,23.84,1337,2,0
2026-08-31T23:42:18.120,125.001,1.109,0.536,0.201,0,29,23.84,1349,2,0
2026-08-31T23:42:18.520,125.401,1.109,0.532,0.2,0,29,23.81,1349,2,0
2026-08-31T23:42:19.119,126.000,1.109,0.532,0.201,0,29,23.84,1350,2,0
2026-08-31T23:42:19.519,126.400,1.114,0.533,0.202,0,29,23.82,1338,2,0
2026-08-31T23:42:20.120,127.001,1.104,0.534,0.025,0,0,23.85,279,3,3
2026-08-31T23:42:20.520,127.401,0.018,0.008,0.003,0,0,23.85,150,3,3
2026-08-31T23:42:21.119,128.000,0.018,0.007,0.003,0,0,23.85,6,3,3
2026-08-31T23:42:21.520,128.401,0.018,0.007,0.003,0,0,23.85,0,3,3
2026-08-31T23:42:22.119,129.000,0.018,0.008,0.003,0,0,23.84,0,3,3
2026-08-31T23:42:22.519,129.400,0.018,0.008,0.003,0,0,23.85,0,3,3
2026-08-31T23:42:23.144,130.025,0.018,0.008,0.003,0,0,23.85,0,3,3
2026-08-31T23:42:23.519,130.400,0.018,0.007,0.003,0,0,23.85,0,3,3
2026-08-31T23:42:24.120,131.001,0.013,0.008,0.003,0,0,23.84,0,3,3
2026-08-31T23:42:24.519,131.400,0.018,0.008,0.003,0,0,23.85,0,1,0
2026-08-31T23:42:25.119,132.000,0.018,0.008,0.003,0,0,23.84,0,2,0
2026-08-31T23:42:25.519,132.400,0.921,0.548,0.072,0,14,23.84,213,2,0
2026-08-31T23:42:26.119,133.000,1.114,0.545,0.204,0,29,23.84,1244,2,0
2026-08-31T23:42:26.519,133.400,1.12,0.541,0.202,0,29,23.82,1344,2,0
2026-08-31T23:42:27.120,134.001,1.109,0.529,0.202,0,29,23.84,1349,2,0
2026-08-31T23:42:27.520,134.401,1.109,0.534,0.202,0,29,23.82,1349,2,0
2026-08-31T23:42:28.119,135.000,1.109,0.53,0.202,0,29,23.84,1348,2,0
2026-08-31T23:42:28.520,135.400,1.114,0.534,0.202,0,29,23.82,1349,2,0
2026-08-31T23:42:29.119,136.000,1.104,0.527,0.025,0,0,23.85,251,3,3
2026-08-31T23:42:29.519,136.400,0.018,0.008,0.003,0,0,23.85,142,3,3
2026-08-31T23:42:30.119,137.000,0.018,0.008,0.003,0,0,23.85,8,3,3
2026-08-31T23:42:30.519,137.400,0.018,0.007,0.003,0,0,23.85,0,3,3
2026-08-31T23:42:31.119,138.000,0.018,0.008,0.003,0,0,23.85,0,3,3
2026-08-31T23:42:31.520,138.401,0.013,0.007,0.003,0,0,23.85,0,3,3
2026-08-31T23:42:32.146,139.027,0.018,0.008,0.003,0,0,23.85,0,3,3
2026-08-31T23:42:32.519,139.400,0.018,0.007,0.003,0,0,23.84,0,3,3
2026-08-31T23:42:33.119,140.000,0.018,0.007,0.003,0,0,23.85,0,3,3
2026-08-31T23:42:33.519,140.400,0.018,0.008,0.003,0,0,23.85,0,1,0
2026-08-31T23:42:34.119,141.000,0.018,0.008,0.003,0,0,23.84,0,2,0
2026-08-31T23:42:34.519,141.400,0.856,0.58,0.056,0,10,23.82,111,2,0
2026-08-31T23:42:35.120,142.001,1.104,0.542,0.199,0,29,23.82,1202,2,0
2026-08-31T23:42:35.519,142.400,1.12,0.534,0.202,0,29,23.84,1343,2,0
2026-08-31T23:42:36.119,143.000,1.114,0.537,0.202,0,29,23.82,1349,2,0
2026-08-31T23:42:36.519,143.400,1.114,0.529,0.201,0,29,23.82,1349,2,0
2026-08-31T23:42:37.119,144.000,1.114,0.533,0.202,0,29,23.82,1347,2,0
2026-08-31T23:42:37.519,144.400,1.109,0.535,0.202,0,29,23.82,1349,2,0
2026-08-31T23:42:38.119,145.000,1.12,0.528,0.064,0,0,23.85,361,3,3
2026-08-31T23:42:38.519,145.400,0.018,0.008,0.003,0,0,23.84,165,3,3
2026-08-31T23:42:39.119,146.000,0.018,0.007,0.003,0,0,23.85,17,3,3
2026-08-31T23:42:39.519,146.400,0.018,0.009,0.003,0,0,23.85,0,3,3
2026-08-31T23:42:40.119,147.000,0.018,0.008,0.003,0,0,23.85,0,3,3
2026-08-31T23:42:40.519,147.400,0.018,0.008,0.003,0,0,23.84,0,3,3
2026-08-31T23:42:41.135,148.016,0.018,0.008,0.003,0,0,23.85,0,3,3
2026-08-31T23:42:41.520,148.401,0.018,0.008,0.003,0,0,23.85,0,3,3
2026-08-31T23:42:42.120,149.001,0.018,0.008,0.003,0,0,23.85,0,3,3
2026-08-31T23:42:42.520,149.401,0.018,0.008,0.003,0,0,23.85,0,1,0
2026-08-31T23:42:43.119,150.000,0.018,0.008,0.004,0,0,23.85,0,2,0
2026-08-31T23:42:43.520,150.401,0.915,0.66,0.045,0,8,23.84,39,2,0
2026-08-31T23:42:44.119,151.000,1.093,0.555,0.195,0,29,23.84,1159,2,0
2026-08-31T23:42:44.520,151.401,1.109,0.532,0.202,0,29,23.81,1341,2,0
2026-08-31T23:42:45.120,152.001,1.109,0.535,0.201,0,29,23.82,1347,2,0
2026-08-31T23:42:45.519,152.400,1.12,0.536,0.202,0,29,23.82,1349,2,0
2026-08-31T23:42:46.120,153.001,1.114,0.534,0.201,0,29,23.82,1349,2,0
2026-08-31T23:42:46.519,153.400,1.109,0.534,0.202,0,29,23.84,1350,2,0
2026-08-31T23:42:47.119,154.000,1.109,0.529,0.066,0,0,23.85,305,3,3
2026-08-31T23:42:47.519,154.400,0.018,0.008,0.003,0,0,23.85,76,3,3
2026-08-31T23:42:48.120,155.001,0.018,0.008,0.003,0,0,23.85,12,3,3
2026-08-31T23:42:48.520,155.401,0.018,0.007,0.003,0,0,23.84,0,3,3
2026-08-31T23:42:49.119,156.000,0.018,0.007,0.003,0,0,23.85,0,3,3
2026-08-31T23:42:49.520,156.401,0.018,0.008,0.003,0,0,23.84,0,3,3
2026-08-31T23:42:50.144,157.025,0.018,0.008,0.003,0,0,23.84,0,3,3
2026-08-31T23:42:50.520,157.401,0.018,0.008,0.003,0,0,23.84,0,3,3
2026-08-31T23:42:51.119,158.000,0.018,0.008,0.003,0,0,23.85,0,3,3
2026-08-31T23:42:51.519,158.400,0.018,0.008,0.003,0,0,23.85,0,1,0
2026-08-31T23:42:52.120,159.001,0.018,0.008,0.003,0,0,23.85,0,2,0
2026-08-31T23:42:52.519,159.400,0.921,0.535,0.078,0,14,23.84,235,2,0
2026-08-31T23:42:53.120,160.001,1.098,0.556,0.203,0,29,23.82,1249,2,0
2026-08-31T23:42:53.519,160.400,1.109,0.532,0.202,0,29,23.84,1345,2,0
2026-08-31T23:42:54.119,161.000,1.114,0.53,0.201,0,29,23.81,1348,2,0
2026-08-31T23:42:54.519,161.400,1.114,0.53,0.201,0,29,23.84,1350,2,0
2026-08-31T23:42:55.119,162.000,1.114,0.532,0.201,0,29,23.82,1345,2,0
2026-08-31T23:42:55.520,162.401,1.114,0.531,0.2,0,29,23.82,1350,2,0
2026-08-31T23:42:56.119,163.000,1.087,0.524,0.026,0,0,23.84,158,3,3
2026-08-31T23:42:56.519,163.400,0.018,0.008,0.003,0,0,23.85,6,3,3
2026-08-31T23:42:57.120,164.001,0.018,0.008,0.003,0,0,23.85,0,3,3
2026-08-31T23:42:57.520,164.401,0.018,0.008,0.003,0,0,23.85,0,3,3
2026-08-31T23:42:58.119,165.000,0.018,0.007,0.003,0,0,23.85,0,3,3
2026-08-31T23:42:58.519,165.400,0.018,0.008,0.003,0,0,23.85,0,3,3
2026-08-31T23:42:59.138,166.019,0.018,0.008,0.003,0,0,23.85,0,3,3
2026-08-31T23:42:59.519,166.400,0.018,0.008,0.003,0,0,23.85,0,3,3
2026-08-31T23:43:00.120,167.001,0.013,0.008,0.003,0,0,23.85,0,3,3
2026-08-31T23:43:00.519,167.400,0.024,0.007,0.003,0,0,23.85,0,1,0
2026-08-31T23:43:01.119,168.000,0.018,0.007,0.003,0,0,23.84,0,2,0
2026-08-31T23:43:01.519,168.400,0.813,0.58,0.039,0,8,23.85,30,2,0
2026-08-31T23:43:02.120,169.001,1.098,0.537,0.195,0,29,23.84,1147,2,0
2026-08-31T23:43:02.520,169.401,1.109,0.534,0.201,0,29,23.82,1340,2,0
2026-08-31T23:43:03.119,170.000,1.114,0.536,0.201,0,29,23.82,1349,2,0
2026-08-31T23:43:03.520,170.401,1.114,0.535,0.201,0,29,23.84,1350,2,0
2026-08-31T23:43:04.120,171.001,1.114,0.532,0.201,0,29,23.82,1345,2,0
2026-08-31T23:43:04.520,171.401,1.109,0.528,0.201,0,29,23.84,1349,2,0
2026-08-31T23:43:05.120,172.001,1.104,0.531,0.026,0,0,23.85,181,3,3
2026-08-31T23:43:05.519,172.400,0.018,0.008,0.003,0,0,23.85,7,3,3
2026-08-31T23:43:06.119,173.000,0.018,0.008,0.003,0,0,23.85,0,3,3
2026-08-31T23:43:06.519,173.400,0.013,0.007,0.003,0,0,23.84,0,3,3
2026-08-31T23:43:07.119,174.000,0.018,0.007,0.003,0,0,23.85,0,3,3
2026-08-31T23:43:07.519,174.400,0.018,0.008,0.003,0,0,23.84,0,3,3
2026-08-31T23:43:08.148,175.029,0.018,0.008,0.003,0,0,23.85,0,3,3
2026-08-31T23:43:08.519,175.400,0.018,0.008,0.003,0,0,23.85,0,3,3
2026-08-31T23:43:09.119,176.000,0.018,0.008,0.003,0,0,23.84,0,3,3
2026-08-31T23:43:09.519,176.400,0.018,0.007,0.003,0,0,23.86,0,1,0
2026-08-31T23:43:10.119,177.000,0.024,0.008,0.004,0,0,23.84,0,2,0
2026-08-31T23:43:10.519,177.400,0.873,0.623,0.044,0,8,23.82,42,2,0
2026-08-31T23:43:11.119,178.000,1.109,0.536,0.196,0,29,23.81,1156,2,0
2026-08-31T23:43:11.520,178.401,1.114,0.528,0.201,0,29,23.84,1341,2,0
2026-08-31T23:43:12.119,179.000,1.114,0.531,0.202,0,29,23.84,1344,2,0
2026-08-31T23:43:12.519,179.400,1.109,0.533,0.201,0,29,23.82,1349,2,0
2026-08-31T23:43:13.119,180.000,1.109,0.531,0.202,0,29,23.84,1347,2,0
2026-08-31T23:43:13.519,180.400,1.114,0.53,0.182,0,0,23.85,1285,3,3
2026-08-31T23:43:14.120,181.001,0.018,0.008,0.003,0,0,23.85,159,3,3
2026-08-31T23:43:14.520,181.401,0.018,0.008,0.003,0,0,23.84,6,3,3
2026-08-31T23:43:15.120,182.001,0.018,0.007,0.003,0,0,23.84,0,3,3
2026-08-31T23:43:15.519,182.400,0.018,0.007,0.003,0,0,23.85,0,3,3
2026-08-31T23:43:16.120,183.001,0.018,0.009,0.003,0,0,23.85,0,3,3
2026-08-31T23:43:16.519,183.400,0.018,0.007,0.003,0,0,23.84,0,3,3
2026-08-31T23:43:17.119,184.000,0.018,0.008,0.003,0,0,23.85,0,3,3
2026-08-31T23:43:17.519,184.400,0.018,0.008,0.003,0,0,23.85,0,3,3
2026-08-31T23:43:18.120,185.001,0.018,0.008,0.003,0,0,23.85,0,1,0
2026-08-31T23:43:18.519,185.400,0.018,0.007,0.004,0,0,23.85,0,1,0
2026-08-31T23:43:19.120,186.001,0.018,0.009,0.003,0,0,23.85,0,2,0
2026-08-31T23:43:19.519,186.400,1.039,0.595,0.162,0,27,23.81,776,2,0
2026-08-31T23:43:20.119,187.000,1.12,0.539,0.204,0,29,23.81,1311,2,0
2026-08-31T23:43:20.519,187.400,1.12,0.534,0.201,0,29,23.84,1348,2,0
2026-08-31T23:43:21.122,188.003,1.114,0.529,0.201,0,29,23.82,1349,2,0
2026-08-31T23:43:21.519,188.400,1.109,0.533,0.201,0,29,23.84,1349,2,0
2026-08-31T23:43:22.119,189.000,1.114,0.533,0.202,0,29,23.82,1349,2,0
2026-08-31T23:43:22.519,189.400,1.109,0.529,0.025,0,0,23.85,257,3,3
2026-08-31T23:43:23.119,190.000,0.018,0.008,0.003,0,0,23.85,149,3,3
2026-08-31T23:43:23.519,190.400,0.024,0.009,0.003,0,0,23.85,8,3,3
2026-08-31T23:43:24.120,191.001,0.018,0.008,0.003,0,0,23.85,0,3,3
2026-08-31T23:43:24.520,191.401,0.018,0.007,0.003,0,0,23.85,0,3,3
2026-08-31T23:43:25.119,192.000,0.018,0.008,0.003,0,0,23.85,0,3,3
2026-08-31T23:43:25.519,192.400,0.018,0.007,0.003,0,0,23.85,0,3,3
2026-08-31T23:43:26.119,193.000,0.018,0.007,0.003,0,0,23.84,0,3,3
2026-08-31T23:43:26.519,193.399,0.018,0.008,0.003,0,0,23.85,0,3,3
2026-08-31T23:43:27.119,194.000,0.018,0.008,0.003,0,0,23.85,0,1,0
2026-08-31T23:43:27.519,194.400,0.018,0.008,0.003,0,0,23.85,0,1,0
2026-08-31T23:43:28.120,195.001,0.76,0.512,0.022,0,5,23.84,0,2,0
2026-08-31T23:43:28.520,195.401,1.114,0.552,0.193,0,29,23.84,1078,2,0
2026-08-31T23:43:29.120,196.001,1.114,0.532,0.202,0,29,23.81,1337,2,0
2026-08-31T23:43:29.519,196.400,1.109,0.531,0.202,0,29,23.84,1347,2,0
2026-08-31T23:43:30.125,197.006,1.114,0.535,0.202,0,29,23.82,1348,2,0
2026-08-31T23:43:30.521,197.402,1.114,0.536,0.202,0,29,23.84,1348,2,0
2026-08-31T23:43:31.119,198.000,1.109,0.53,0.202,0,29,23.84,1349,2,0
2026-08-31T23:43:31.519,198.400,1.104,0.532,0.025,0,0,23.84,270,3,3
2026-08-31T23:43:32.120,199.001,0.013,0.007,0.003,0,0,23.85,165,3,3
2026-08-31T23:43:32.519,199.400,0.018,0.007,0.003,0,0,23.85,15,3,3
2026-08-31T23:43:33.119,200.000,0.018,0.007,0.003,0,0,23.85,0,3,3
2026-08-31T23:43:33.519,200.400,0.018,0.007,0.003,0,0,23.85,0,3,3
2026-08-31T23:43:34.119,201.000,0.018,0.007,0.003,0,0,23.85,0,3,3
2026-08-31T23:43:34.519,201.400,0.018,0.007,0.003,0,0,23.85,0,3,3
2026-08-31T23:43:35.119,202.000,0.018,0.007,0.003,0,0,23.85,0,3,3
2026-08-31T23:43:35.519,202.400,0.018,0.007,0.003,0,0,23.85,0,3,3
2026-08-31T23:43:36.119,203.000,0.018,0.008,0.003,0,0,23.85,0,1,0
2026-08-31T23:43:36.519,203.400,0.018,0.008,0.003,0,0,23.85,0,1,0
2026-08-31T23:43:37.119,204.000,0.835,0.503,0.038,0,7,23.84,19,2,0
2026-08-31T23:43:37.519,204.400,1.109,0.56,0.195,0,29,23.84,1144,2,0
2026-08-31T23:43:38.119,205.000,1.114,0.533,0.202,0,29,23.82,1340,2,0
2026-08-31T23:43:38.519,205.400,1.114,0.53,0.201,0,29,23.82,1347,2,0
2026-08-31T23:43:39.123,206.004,1.109,0.533,0.202,0,29,23.82,1349,2,0
2026-08-31T23:43:39.520,206.400,1.109,0.535,0.201,0,29,23.81,1348,2,0
2026-08-31T23:43:40.119,207.000,1.109,0.531,0.201,0,29,23.85,1350,2,0
2026-08-31T23:43:40.519,207.400,1.104,0.512,0.025,0,0,23.85,134,3,3
2026-08-31T23:43:41.119,208.000,0.018,0.008,0.003,0,0,23.85,5,3,3
2026-08-31T23:43:41.519,208.400,0.018,0.007,0.003,0,0,23.85,0,3,3
2026-08-31T23:43:42.119,209.000,0.018,0.008,0.003,0,0,23.85,0,3,3
2026-08-31T23:43:42.519,209.400,0.018,0.009,0.003,0,0,23.85,0,3,3
2026-08-31T23:43:43.119,210.000,0.018,0.008,0.003,0,0,23.84,0,3,3
2026-08-31T23:43:43.520,210.401,0.018,0.008,0.002,0,0,23.84,0,3,3
2026-08-31T23:43:44.119,211.000,0.018,0.008,0.002,0,0,23.85,0,3,3
2026-08-31T23:43:44.519,211.400,0.018,0.007,0.003,0,0,23.85,0,3,3
2026-08-31T23:43:45.120,212.001,0.018,0.007,0.003,0,0,23.85,0,1,0
2026-08-31T23:43:45.520,212.401,0.018,0.008,0.003,0,0,23.85,0,1,0
2026-08-31T23:43:46.120,213.001,0.77,0.527,0.035,0,7,23.84,13,2,0
2026-08-31T23:43:46.519,213.400,1.104,0.548,0.194,0,29,23.84,1134,2,0
2026-08-31T23:43:47.119,214.000,1.109,0.536,0.202,0,29,23.81,1339,2,0
2026-08-31T23:43:47.519,214.400,1.109,0.53,0.202,0,29,23.84,1345,2,0
2026-08-31T23:43:48.125,215.006,1.114,0.54,0.202,0,29,23.81,1350,2,0
2026-08-31T23:43:48.519,215.400,1.114,0.534,0.202,0,29,23.84,1347,2,0
2026-08-31T23:43:49.119,216.000,1.114,0.538,0.202,0,29,23.82,1349,2,0
2026-08-31T23:43:49.520,216.401,1.109,0.53,0.202,0,29,23.84,1346,2,0
2026-08-31T23:43:50.120,217.001,1.104,0.533,0.065,0,0,23.85,389,3,3
2026-08-31T23:43:50.519,217.400,0.018,0.008,0.003,0,0,23.85,63,3,3
2026-08-31T23:43:51.119,218.000,0.018,0.007,0.003,0,0,23.85,2,3,3
2026-08-31T23:43:51.520,218.401,0.013,0.008,0.003,0,0,23.84,0,3,3
2026-08-31T23:43:52.119,219.000,0.018,0.007,0.003,0,0,23.85,0,3,3
2026-08-31T23:43:52.520,219.401,0.018,0.008,0.003,0,0,23.85,0,3,3
2026-08-31T23:43:53.142,220.023,0.018,0.007,0.002,0,0,23.86,0,3,3
2026-08-31T23:43:53.519,220.400,0.018,0.007,0.002,0,0,23.85,0,3,3
2026-08-31T23:43:54.119,221.000,0.018,0.008,0.002,0,0,23.85,0,3,3
2026-08-31T23:43:54.519,221.400,0.018,0.008,0.003,0,0,23.85,0,1,0
2026-08-31T23:43:55.119,222.000,0.018,0.008,0.003,0,0,23.84,0,2,0
2026-08-31T23:43:55.519,222.400,0.915,0.66,0.063,0,12,23.84,145,2,0
2026-08-31T23:43:56.119,223.000,1.109,0.549,0.201,0,29,23.82,1219,2,0
2026-08-31T23:43:56.519,223.400,1.104,0.541,0.202,0,29,23.82,1343,2,0
2026-08-31T23:43:57.120,224.001,1.114,0.531,0.201,0,29,23.82,1348,2,0
2026-08-31T23:43:57.519,224.400,1.114,0.536,0.202,0,29,23.84,1346,2,0
2026-08-31T23:43:58.119,225.000,1.114,0.531,0.202,0,29,23.82,1349,2,0
2026-08-31T23:43:58.519,225.400,1.098,0.531,0.201,0,29,23.82,1348,2,0
2026-08-31T23:43:59.119,226.000,1.109,0.531,0.02,0,0,23.84,245,3,3
2026-08-31T23:43:59.519,226.400,0.018,0.008,0.003,0,0,23.85,72,3,3
2026-08-31T23:44:00.119,227.000,0.018,0.007,0.003,0,0,23.85,3,3,3
2026-08-31T23:44:00.519,227.400,0.018,0.007,0.003,0,0,23.85,0,3,3
2026-08-31T23:44:01.120,228.001,0.018,0.007,0.003,0,0,23.85,0,3,3
2026-08-31T23:44:01.519,228.400,0.018,0.008,0.003,0,0,23.84,0,3,3
2026-08-31T23:44:02.148,229.029,0.013,0.007,0.003,0,0,23.85,0,3,3
2026-08-31T23:44:02.519,229.400,0.018,0.008,0.003,0,0,23.85,0,3,3
2026-08-31T23:44:03.120,230.001,0.018,0.008,0.002,0,0,23.85,0,3,3
2026-08-31T23:44:03.519,230.400,0.018,0.007,0.003,0,0,23.84,0,1,0
2026-08-31T23:44:04.119,231.000,0.018,0.007,0.003,0,0,23.84,0,2,0
2026-08-31T23:44:04.519,231.400,0.926,0.575,0.082,0,15,23.82,277,2,0
2026-08-31T23:44:05.119,232.000,1.098,0.548,0.204,0,29,23.84,1261,2,0
2026-08-31T23:44:05.519,232.400,1.109,0.526,0.201,0,29,23.82,1338,2,0
2026-08-31T23:44:06.120,233.001,1.114,0.533,0.2,0,29,23.81,1350,2,0
2026-08-31T23:44:06.519,233.400,1.109,0.529,0.201,0,29,23.85,1347,2,0
2026-08-31T23:44:07.119,234.000,1.109,0.531,0.2,0,29,23.84,1350,2,0
2026-08-31T23:44:07.519,234.400,1.12,0.531,0.2,0,29,23.81,1343,2,0
2026-08-31T23:44:08.119,235.000,1.104,0.531,0.026,0,0,23.84,242,3,3
2026-08-31T23:44:08.519,235.400,0.018,0.008,0.003,0,0,23.85,108,3,3
2026-08-31T23:44:09.119,236.000,0.018,0.007,0.003,0,0,23.85,4,3,3
2026-08-31T23:44:09.519,236.400,0.018,0.008,0.003,0,0,23.85,0,3,3
2026-08-31T23:44:10.119,237.000,0.018,0.008,0.003,0,0,23.85,0,3,3
2026-08-31T23:44:10.519,237.400,0.018,0.008,0.003,0,0,23.84,0,3,3
2026-08-31T23:44:11.139,238.020,0.018,0.007,0.003,0,0,23.85,0,3,3
2026-08-31T23:44:11.520,238.401,0.018,0.007,0.003,0,0,23.85,0,3,3
2026-08-31T23:44:12.120,239.001,0.018,0.007,0.003,0,0,23.85,0,3,3
2026-08-31T23:44:12.519,239.400,0.018,0.008,0.003,0,0,23.85,0,1,0
2026-08-31T23:44:13.119,240.000,0.018,0.007,0.003,0,0,23.84,0,2,0
2026-08-31T23:44:13.519,240.400,0.873,0.517,0.061,0,12,23.84,135,2,0
2026-08-31T23:44:14.120,241.001,1.098,0.538,0.2,0,29,23.84,1221,2,0
2026-08-31T23:44:14.519,241.400,1.104,0.532,0.201,0,29,23.82,1336,2,0
2026-08-31T23:44:15.119,242.000,1.109,0.535,0.201,0,29,23.84,1348,2,0
2026-08-31T23:44:15.519,242.400,1.114,0.531,0.201,0,29,23.82,1351,2,0
2026-08-31T23:44:16.119,243.000,1.109,0.528,0.201,0,29,23.82,1349,2,0
2026-08-31T23:44:16.519,243.400,1.114,0.532,0.201,0,29,23.84,1350,2,0
2026-08-31T23:44:17.119,244.000,1.077,0.525,0.025,0,0,23.85,239,3,3
2026-08-31T23:44:17.519,244.400,0.018,0.008,0.003,0,0,23.84,129,3,3
2026-08-31T23:44:18.119,245.000,0.018,0.007,0.003,0,0,23.85,7,3,3
2026-08-31T23:44:18.519,245.400,0.018,0.007,0.003,0,0,23.85,0,3,3
2026-08-31T23:44:19.119,246.000,0.018,0.008,0.003,0,0,23.85,0,3,3
2026-08-31T23:44:19.520,246.401,0.018,0.007,0.003,0,0,23.84,0,3,3
2026-08-31T23:44:20.138,247.019,0.018,0.008,0.002,0,0,23.84,0,3,3
2026-08-31T23:44:20.519,247.400,0.018,0.007,0.003,0,0,23.85,0,3,3
2026-08-31T23:44:21.120,248.001,0.024,0.008,0.002,0,0,23.85,0,3,3
2026-08-31T23:44:21.519,248.400,0.018,0.007,0.003,0,0,23.85,0,1,0
2026-08-31T23:44:22.119,249.000,0.018,0.008,0.003,0,0,23.84,0,2,0
2026-08-31T23:44:22.519,249.400,0.905,0.522,0.065,0,12,23.84,158,2,0
2026-08-31T23:44:23.119,250.000,1.087,0.549,0.2,0,29,23.82,1226,2,0
2026-08-31T23:44:23.519,250.400,1.114,0.53,0.201,0,29,23.84,1345,2,0
2026-08-31T23:44:24.119,251.000,1.12,0.531,0.201,0,29,23.81,1349,2,0
2026-08-31T23:44:24.520,251.401,1.114,0.53,0.201,0,29,23.82,1350,2,0
2026-08-31T23:44:25.119,252.000,1.114,0.531,0.201,0,29,23.84,1349,2,0
2026-08-31T23:44:25.519,252.400,1.109,0.531,0.187,0,0,23.85,1319,3,3
2026-08-31T23:44:26.119,253.000,0.018,0.008,0.003,0,0,23.84,79,3,3
2026-08-31T23:44:26.519,253.400,0.018,0.008,0.003,0,0,23.85,3,3,3
2026-08-31T23:44:27.119,254.000,0.018,0.008,0.003,0,0,23.85,0,3,3
2026-08-31T23:44:27.519,254.400,0.013,0.007,0.003,0,0,23.85,0,3,3
2026-08-31T23:44:28.119,255.000,0.018,0.008,0.002,0,0,23.85,0,3,3
2026-08-31T23:44:28.520,255.401,0.018,0.007,0.003,0,0,23.84,0,3,3
2026-08-31T23:44:29.119,256.000,0.018,0.007,0.002,0,0,23.85,0,3,3
2026-08-31T23:44:29.519,256.400,0.018,0.007,0.003,0,0,23.85,0,3,3
2026-08-31T23:44:30.119,257.000,0.024,0.008,0.003,0,0,23.85,0,1,0
2026-08-31T23:44:30.519,257.400,0.018,0.007,0.003,0,0,23.85,0,1,0
2026-08-31T23:44:31.120,258.001,0.835,0.524,0.037,0,7,23.84,23,2,0
2026-08-31T23:44:31.519,258.400,1.093,0.55,0.194,0,29,23.82,1143,2,0
2026-08-31T23:44:32.119,259.000,1.109,0.533,0.201,0,29,23.84,1340,2,0
2026-08-31T23:44:32.519,259.400,1.109,0.535,0.202,0,29,23.84,1349,2,0
2026-08-31T23:44:33.127,260.008,1.104,0.529,0.201,0,29,23.81,1350,2,0
2026-08-31T23:44:33.519,260.400,1.109,0.534,0.201,0,29,23.82,1349,2,0
2026-08-31T23:44:34.119,261.000,1.109,0.535,0.202,0,29,23.82,1347,2,0
2026-08-31T23:44:34.520,261.401,1.087,0.526,0.065,0,0,23.85,363,3,3
2026-08-31T23:44:35.119,262.000,0.018,0.007,0.003,0,0,23.85,34,3,3
2026-08-31T23:44:35.519,262.400,0.018,0.007,0.003,0,0,23.85,1,3,3
2026-08-31T23:44:36.120,263.001,0.018,0.007,0.003,0,0,23.85,0,3,3
2026-08-31T23:44:36.519,263.400,0.018,0.007,0.002,0,0,23.84,0,3,3
2026-08-31T23:44:37.119,264.000,0.018,0.008,0.003,0,0,23.85,0,3,3
2026-08-31T23:44:37.519,264.400,0.018,0.008,0.003,0,0,23.85,0,3,3
2026-08-31T23:44:38.120,265.001,0.018,0.008,0.003,0,0,23.86,0,3,3
2026-08-31T23:44:38.519,265.400,0.018,0.007,0.003,0,0,23.85,0,3,3
2026-08-31T23:44:39.120,266.001,0.018,0.007,0.003,0,0,23.85,0,1,0
2026-08-31T23:44:39.519,266.400,0.018,0.008,0.003,0,0,23.84,0,1,0
2026-08-31T23:44:40.120,267.001,0.206,0.202,0.008,0,3,23.84,0,2,0
2026-08-31T23:44:40.519,267.400,1.109,0.547,0.196,0,29,23.84,1031,2,0
2026-08-31T23:44:41.119,268.000,1.114,0.531,0.202,0,29,23.81,1333,2,0
2026-08-31T23:44:41.519,268.400,1.12,0.529,0.201,0,29,23.82,1348,2,0
2026-08-31T23:44:42.125,269.006,1.114,0.531,0.202,0,29,23.82,1347,2,0
2026-08-31T23:44:42.520,269.401,1.109,0.534,0.202,0,29,23.82,1349,2,0
2026-08-31T23:44:43.120,270.001,1.109,0.532,0.186,0,0,23.85,1300,3,3
2026-08-31T23:44:43.519,270.400,0.018,0.008,0.003,0,0,23.85,183,3,3
2026-08-31T23:44:44.119,271.000,0.018,0.008,0.003,0,0,23.85,35,3,3
2026-08-31T23:44:44.519,271.400,0.018,0.007,0.003,0,0,23.85,1,3,3
2026-08-31T23:44:45.119,272.000,0.018,0.008,0.003,0,0,23.85,0,3,3
2026-08-31T23:44:45.520,272.401,0.018,0.007,0.003,0,0,23.84,0,3,3
2026-08-31T23:44:46.145,273.026,0.018,0.007,0.003,0,0,23.85,0,3,3
2026-08-31T23:44:46.519,273.400,0.018,0.007,0.003,0,0,23.85,0,3,3
2026-08-31T23:44:47.119,274.000,0.018,0.007,0.003,0,0,23.85,0,3,3
2026-08-31T23:44:47.520,274.401,0.018,0.008,0.003,0,0,23.85,0,1,0
2026-08-31T23:44:48.119,275.000,0.018,0.007,0.003,0,0,23.84,0,2,0
2026-08-31T23:44:48.519,275.400,0.84,0.526,0.048,0,9,23.84,78,2,0
2026-08-31T23:44:49.120,276.001,1.12,0.545,0.198,0,29,23.81,1183,2,0
2026-08-31T23:44:49.520,276.401,1.098,0.535,0.202,0,29,23.84,1341,2,0
2026-08-31T23:44:50.119,277.000,1.114,0.533,0.202,0,29,23.82,1346,2,0
2026-08-31T23:44:50.520,277.401,1.114,0.534,0.202,0,29,23.84,1350,2,0
2026-08-31T23:44:51.120,278.001,1.12,0.532,0.202,0,29,23.84,1348,2,0
2026-08-31T23:44:51.519,278.400,1.109,0.533,0.201,0,29,23.81,1349,2,0
2026-08-31T23:44:52.120,279.001,1.109,0.529,0.023,0,0,23.85,174,3,3
2026-08-31T23:44:52.519,279.400,0.018,0.008,0.003,0,0,23.85,7,3,3
2026-08-31T23:44:53.119,280.000,0.018,0.007,0.003,0,0,23.85,0,3,3
2026-08-31T23:44:53.519,280.400,0.018,0.007,0.003,0,0,23.86,0,3,3
2026-08-31T23:44:54.120,281.001,0.018,0.008,0.003,0,0,23.85,0,3,3
2026-08-31T23:44:54.519,281.400,0.018,0.008,0.003,0,0,23.85,0,3,3
2026-08-31T23:44:55.136,282.017,0.018,0.008,0.003,0,0,23.85,0,3,3
2026-08-31T23:44:55.519,282.400,0.018,0.007,0.002,0,0,23.85,0,3,3
2026-08-31T23:44:56.119,283.000,0.018,0.007,0.002,0,0,23.84,0,3,3
2026-08-31T23:44:56.520,283.401,0.018,0.007,0.003,0,0,23.84,0,1,0
2026-08-31T23:44:57.120,284.001,0.018,0.007,0.003,0,0,23.84,0,2,0
2026-08-31T23:44:57.519,284.400,0.899,0.517,0.057,0,11,23.84,116,2,0
2026-08-31T23:44:58.119,285.000,1.104,0.544,0.199,0,29,23.84,1206,2,0
2026-08-31T23:44:58.519,285.400,1.12,0.536,0.202,0,29,23.82,1342,2,0
2026-08-31T23:44:59.120,286.001,1.109,0.53,0.201,0,29,23.84,1349,2,0
2026-08-31T23:44:59.520,286.400,1.114,0.531,0.202,0,29,23.82,1349,2,0
2026-08-31T23:45:00.119,287.000,1.114,0.536,0.201,0,29,23.82,1342,2,0
2026-08-31T23:45:00.520,287.401,1.109,0.529,0.202,0,29,23.85,1349,2,0
2026-08-31T23:45:01.119,288.000,1.098,0.518,0.025,0,0,23.85,223,3,3
2026-08-31T23:45:01.519,288.400,0.018,0.007,0.003,0,0,23.85,9,3,3
2026-08-31T23:45:02.120,289.001,0.024,0.007,0.003,0,0,23.86,0,3,3
2026-08-31T23:45:02.519,289.400,0.018,0.008,0.003,0,0,23.85,0,3,3
2026-08-31T23:45:03.120,290.001,0.018,0.008,0.002,0,0,23.85,0,3,3
2026-08-31T23:45:03.519,290.400,0.018,0.008,0.003,0,0,23.85,0,3,3
2026-08-31T23:45:04.146,291.027,0.018,0.008,0.002,0,0,23.85,0,3,3
2026-08-31T23:45:04.519,291.400,0.018,0.007,0.002,0,0,23.84,0,3,3
2026-08-31T23:45:05.119,292.000,0.018,0.008,0.002,0,0,23.85,0,3,3
2026-08-31T23:45:05.519,292.400,0.018,0.007,0.003,0,0,23.84,0,1,0
2026-08-31T23:45:06.120,293.001,0.018,0.008,0.003,0,0,23.85,0,2,0
2026-08-31T23:45:06.520,293.401,0.899,0.526,0.068,0,13,23.84,190,2,0
2026-08-31T23:45:07.119,294.000,1.109,0.541,0.202,0,29,23.84,1226,2,0
2026-08-31T23:45:07.519,294.400,1.114,0.533,0.202,0,29,23.82,1343,2,0
2026-08-31T23:45:08.120,295.001,1.109,0.531,0.202,0,29,23.82,1338,2,0
2026-08-31T23:45:08.519,295.400,1.109,0.534,0.202,0,29,23.84,1348,2,0
2026-08-31T23:45:09.120,296.001,1.114,0.53,0.202,0,29,23.82,1350,2,0
2026-08-31T23:45:09.519,296.400,1.109,0.536,0.201,0,29,23.84,1350,2,0
2026-08-31T23:45:10.120,297.001,1.098,0.524,0.025,0,0,23.85,264,3,3
2026-08-31T23:45:10.519,297.400,0.018,0.007,0.003,0,0,23.85,13,3,3
2026-08-31T23:45:11.119,298.000,0.013,0.007,0.002,0,0,23.84,0,3,3
2026-08-31T23:45:11.520,298.401,0.018,0.007,0.002,0,0,23.84,0,3,3
2026-08-31T23:45:12.120,299.001,0.018,0.007,0.002,0,0,23.85,0,3,3
2026-08-31T23:45:12.519,299.400,0.018,0.007,0.002,0,0,23.84,0,3,3
2026-08-31T23:45:13.135,300.016,0.018,0.008,0.002,0,0,23.85,0,3,3
2026-08-31T23:45:13.519,300.400,0.018,0.008,0.002,0,0,23.85,0,3,3
2026-08-31T23:45:14.119,301.000,0.018,0.007,0.002,0,0,23.85,0,3,3
2026-08-31T23:45:14.519,301.400,0.018,0.007,0.003,0,0,23.85,0,1,0
2026-08-31T23:45:15.119,302.000,0.018,0.008,0.003,0,0,23.84,0,2,0
2026-08-31T23:45:15.519,302.400,0.905,0.652,0.061,0,11,23.84,131,2,0
2026-08-31T23:45:16.119,303.000,1.109,0.564,0.199,0,29,23.81,1213,2,0
2026-08-31T23:45:16.519,303.400,1.114,0.532,0.202,0,29,23.85,1342,2,0
2026-08-31T23:45:17.119,304.000,1.109,0.531,0.202,0,29,23.82,1349,2,0
2026-08-31T23:45:17.520,304.401,1.114,0.534,0.201,0,29,23.84,1350,2,0
2026-08-31T23:45:18.119,305.000,1.114,0.528,0.201,0,29,23.84,1350,2,0
2026-08-31T23:45:18.520,305.401,1.109,0.533,0.201,0,29,23.82,1349,2,0
2026-08-31T23:45:19.120,306.001,1.098,0.53,0.064,0,0,23.85,314,3,3
2026-08-31T23:45:19.519,306.400,0.018,0.008,0.003,0,0,23.85,18,3,3
2026-08-31T23:45:20.119,307.000,0.018,0.007,0.002,0,0,23.85,0,3,3
2026-08-31T23:45:20.519,307.400,0.018,0.008,0.003,0,0,23.85,0,3,3
2026-08-31T23:45:21.119,308.000,0.018,0.008,0.002,0,0,23.84,0,3,3
2026-08-31T23:45:21.519,308.400,0.018,0.007,0.002,0,0,23.84,0,3,3
2026-08-31T23:45:22.144,309.025,0.018,0.007,0.002,0,0,23.85,0,3,3
2026-08-31T23:45:22.520,309.401,0.018,0.007,0.002,0,0,23.85,0,3,3
2026-08-31T23:45:23.119,310.000,0.018,0.007,0.002,0,0,23.85,0,3,3
2026-08-31T23:45:23.519,310.400,0.018,0.007,0.003,0,0,23.85,0,1,0
2026-08-31T23:45:24.119,311.000,0.018,0.008,0.003,0,0,23.84,0,2,0
2026-08-31T23:45:24.519,311.400,0.835,0.517,0.051,0,9,23.84,72,2,0
2026-08-31T23:45:25.120,312.001,1.104,0.553,0.197,0,29,23.84,1185,2,0
2026-08-31T23:45:25.519,312.400,1.104,0.53,0.202,0,29,23.81,1341,2,0
2026-08-31T23:45:26.119,313.000,1.114,0.533,0.202,0,29,23.84,1349,2,0
2026-08-31T23:45:26.519,313.400,1.109,0.535,0.202,0,29,23.81,1349,2,0
2026-08-31T23:45:27.120,314.001,1.114,0.531,0.201,0,29,23.82,1350,2,0
2026-08-31T23:45:27.519,314.400,1.114,0.529,0.202,0,29,23.84,1348,2,0
2026-08-31T23:45:28.120,315.001,1.087,0.519,0.02,0,0,23.86,268,3,3
2026-08-31T23:45:28.519,315.400,0.018,0.008,0.003,0,0,23.85,30,3,3
2026-08-31T23:45:29.120,316.001,0.018,0.007,0.002,0,0,23.84,1,3,3
2026-08-31T23:45:29.519,316.400,0.018,0.008,0.003,0,0,23.85,0,3,3
2026-08-31T23:45:30.120,317.001,0.018,0.008,0.002,0,0,23.85,0,3,3
2026-08-31T23:45:30.519,317.400,0.018,0.007,0.002,0,0,23.84,0,3,3
2026-08-31T23:45:31.147,318.028,0.018,0.008,0.002,0,0,23.85,0,3,3
2026-08-31T23:45:31.519,318.400,0.018,0.008,0.002,0,0,23.85,0,3,3
2026-08-31T23:45:32.119,319.000,0.024,0.007,0.002,0,0,23.85,0,3,3
2026-08-31T23:45:32.520,319.401,0.018,0.007,0.003,0,0,23.85,0,1,0
2026-08-31T23:45:33.119,320.000,0.018,0.008,0.003,0,0,23.82,0,2,0
2026-08-31T23:45:33.519,320.400,0.905,0.655,0.063,0,12,23.82,147,2,0
2026-08-31T23:45:34.120,321.001,1.109,0.542,0.2,0,29,23.82,1220,2,0
2026-08-31T23:45:34.519,321.400,1.114,0.536,0.201,0,29,23.84,1343,2,0
2026-08-31T23:45:35.119,322.000,1.114,0.532,0.201,0,29,23.84,1349,2,0
2026-08-31T23:45:35.519,322.400,1.114,0.536,0.201,0,29,23.81,1350,2,0
2026-08-31T23:45:36.119,323.000,1.104,0.536,0.201,0,29,23.84,1350,2,0
2026-08-31T23:45:36.519,323.400,1.109,0.534,0.201,0,29,23.82,1347,2,0
2026-08-31T23:45:37.119,324.000,1.104,0.529,0.065,0,0,23.85,362,3,3
2026-08-31T23:45:37.519,324.400,0.018,0.007,0.003,0,0,23.85,49,3,3
2026-08-31T23:45:38.119,325.000,0.018,0.007,0.003,0,0,23.84,2,3,3
2026-08-31T23:45:38.519,325.400,0.018,0.008,0.002,0,0,23.85,0,3,3
2026-08-31T23:45:39.119,326.000,0.018,0.007,0.003,0,0,23.85,0,3,3
2026-08-31T23:45:39.519,326.400,0.018,0.008,0.003,0,0,23.85,0,3,3
2026-08-31T23:45:40.142,327.023,0.013,0.008,0.003,0,0,23.85,0,3,3
2026-08-31T23:45:40.519,327.400,0.018,0.007,0.003,0,0,23.85,0,3,3
2026-08-31T23:45:41.119,328.000,0.018,0.008,0.002,0,0,23.85,0,3,3
2026-08-31T23:45:41.520,328.401,0.018,0.007,0.003,0,0,23.85,0,1,0
2026-08-31T23:45:42.119,329.000,0.024,0.008,0.003,0,0,23.84,0,2,0
2026-08-31T23:45:42.519,329.400,0.894,0.54,0.064,0,12,23.82,172,2,0
2026-08-31T23:45:43.119,330.000,1.12,0.552,0.201,0,29,23.84,1230,2,0
2026-08-31T23:45:43.520,330.400,1.114,0.533,0.201,0,29,23.81,1342,2,0
2026-08-31T23:45:44.119,331.000,1.114,0.534,0.201,0,29,23.82,1349,2,0
2026-08-31T23:45:44.519,331.400,1.114,0.533,0.201,0,29,23.82,1350,2,0
2026-08-31T23:45:45.119,332.000,1.114,0.535,0.202,0,29,23.82,1349,2,0
2026-08-31T23:45:45.519,332.400,1.109,0.534,0.202,0,29,23.82,1343,2,0
2026-08-31T23:45:46.119,333.000,1.114,0.53,0.064,0,0,23.85,355,3,3
2026-08-31T23:45:46.520,333.401,0.018,0.008,0.003,0,0,23.85,78,3,3
2026-08-31T23:45:47.119,334.000,0.018,0.008,0.003,0,0,23.84,3,3,3
2026-08-31T23:45:47.519,334.400,0.018,0.008,0.003,0,0,23.84,0,3,3
2026-08-31T23:45:48.119,335.000,0.018,0.007,0.003,0,0,23.86,0,3,3
2026-08-31T23:45:48.520,335.401,0.018,0.007,0.002,0,0,23.85,0,3,3
2026-08-31T23:45:49.137,336.018,0.018,0.008,0.002,0,0,23.88,0,3,3
2026-08-31T23:45:49.520,336.401,0.024,0.008,0.002,0,0,23.86,0,3,3
2026-08-31T23:45:50.119,337.000,0.018,0.008,0.002,0,0,23.85,0,3,3
2026-08-31T23:45:50.519,337.400,0.018,0.007,0.003,0,0,23.85,0,1,0
2026-08-31T23:45:51.119,338.000,0.018,0.008,0.003,0,0,23.85,0,2,0
2026-08-31T23:45:51.519,338.400,0.856,0.603,0.046,0,8,23.84,40,2,0
2026-08-31T23:45:52.119,339.000,1.104,0.542,0.195,0,29,23.82,1163,2,0
2026-08-31T23:45:52.519,339.400,1.114,0.532,0.201,0,29,23.82,1338,2,0
2026-08-31T23:45:53.120,340.001,1.109,0.533,0.201,0,29,23.84,1350,2,0
2026-08-31T23:45:53.519,340.400,1.093,0.524,0.201,0,29,23.82,1342,2,0
2026-08-31T23:45:54.123,341.004,1.114,0.527,0.201,0,29,23.82,1350,2,0
2026-08-31T23:45:54.519,341.400,1.114,0.533,0.201,0,29,23.82,1348,2,0
2026-08-31T23:45:55.119,342.000,1.109,0.532,0.044,0,0,23.84,283,3,3
2026-08-31T23:45:55.519,342.400,0.024,0.008,0.003,0,0,23.86,104,3,3
2026-08-31T23:45:56.119,343.000,0.013,0.008,0.003,0,0,23.85,4,3,3
2026-08-31T23:45:56.519,343.400,0.018,0.009,0.002,0,0,23.84,0,3,3
2026-08-31T23:45:57.119,344.000,0.018,0.008,0.002,0,0,23.84,0,3,3
2026-08-31T23:45:57.519,344.400,0.018,0.007,0.002,0,0,23.85,0,3,3
2026-08-31T23:45:58.135,345.016,0.018,0.007,0.002,0,0,23.84,0,3,3
2026-08-31T23:45:58.519,345.400,0.018,0.007,0.002,0,0,23.84,0,3,3
2026-08-31T23:45:59.119,346.000,0.018,0.007,0.002,0,0,23.85,0,3,3
2026-08-31T23:45:59.519,346.400,0.018,0.007,0.002,0,0,23.85,0,3,3
2026-08-31T23:46:00.120,347.001,0.018,0.008,0.003,0,0,23.84,0,1,0
2026-08-31T23:46:00.519,347.400,0.018,0.008,0.003,0,0,23.85,0,1,0
2026-08-31T23:46:01.119,348.000,0.018,0.008,0.003,0,0,23.84,0,2,0
2026-08-31T23:46:01.519,348.400,0.953,0.545,0.101,0,18,23.81,405,2,0
2026-08-31T23:46:02.119,349.000,1.114,0.538,0.203,0,29,23.84,1288,2,0
2026-08-31T23:46:02.519,349.400,1.114,0.529,0.2,0,29,23.85,1347,2,0
2026-08-31T23:46:03.119,350.000,1.114,0.531,0.2,0,29,23.82,1351,2,0
2026-08-31T23:46:03.520,350.401,1.109,0.532,0.201,0,29,23.81,1350,2,0
2026-08-31T23:46:04.120,351.001,1.114,0.532,0.201,0,29,23.84,1350,2,0
2026-08-31T23:46:04.520,351.401,1.12,0.527,0.201,0,29,23.84,1350,2,0
2026-08-31T23:46:05.119,352.000,1.098,0.535,0.026,0,0,23.85,228,3,3
2026-08-31T23:46:05.519,352.400,0.018,0.008,0.003,0,0,23.84,111,3,3
2026-08-31T23:46:06.119,353.000,0.018,0.007,0.003,0,0,23.84,6,3,3
2026-08-31T23:46:06.520,353.401,0.018,0.007,0.003,0,0,23.86,0,3,3
2026-08-31T23:46:07.119,354.000,0.018,0.007,0.002,0,0,23.86,0,3,3
2026-08-31T23:46:07.519,354.400,0.013,0.008,0.002,0,0,23.85,0,3,3
2026-08-31T23:46:08.137,355.018,0.018,0.008,0.002,0,0,23.86,0,3,3
2026-08-31T23:46:08.520,355.401,0.018,0.007,0.003,0,0,23.85,0,3,3
2026-08-31T23:46:09.119,356.000,0.018,0.007,0.002,0,0,23.85,0,3,3
2026-08-31T23:46:09.520,356.401,0.018,0.007,0.003,0,0,23.84,0,1,0
2026-08-31T23:46:10.119,357.000,0.018,0.008,0.003,0,0,23.84,0,2,0
2026-08-31T23:46:10.520,357.401,0.921,0.579,0.066,0,13,23.84,180,2,0
2026-08-31T23:46:11.120,358.001,1.114,0.546,0.201,0,29,23.84,1232,2,0
2026-08-31T23:46:11.519,358.400,1.114,0.537,0.201,0,29,23.81,1344,2,0
2026-08-31T23:46:12.119,359.000,1.109,0.536,0.201,0,29,23.84,1349,2,0
2026-08-31T23:46:12.519,359.400,1.109,0.537,0.202,0,29,23.84,1350,2,0
2026-08-31T23:46:13.121,360.002,1.114,0.537,0.201,0,29,23.81,1349,2,0
2026-08-31T23:46:13.519,360.400,1.109,0.533,0.185,0,0,23.85,1298,3,3
2026-08-31T23:46:14.119,361.000,0.018,0.007,0.003,0,0,23.85,74,3,3
2026-08-31T23:46:14.519,361.400,0.018,0.007,0.003,0,0,23.85,3,3,3
2026-08-31T23:46:15.119,362.000,0.013,0.007,0.003,0,0,23.85,0,3,3
2026-08-31T23:46:15.519,362.400,0.018,0.007,0.002,0,0,23.85,0,3,3
2026-08-31T23:46:16.119,363.000,0.018,0.008,0.002,0,0,23.85,0,3,3
2026-08-31T23:46:16.519,363.400,0.018,0.008,0.003,0,0,23.85,0,3,3
2026-08-31T23:46:17.119,364.000,0.018,0.007,0.003,0,0,23.85,0,3,3
2026-08-31T23:46:17.519,364.400,0.018,0.007,0.003,0,0,23.85,0,3,3
2026-08-31T23:46:18.120,365.001,0.018,0.008,0.003,0,0,23.85,0,1,0
2026-08-31T23:46:18.519,365.400,0.018,0.007,0.003,0,0,23.85,0,1,0
2026-08-31T23:46:19.120,366.001,0.018,0.007,0.003,0,1,23.84,0,2,0
2026-08-31T23:46:19.519,366.400,1.071,0.546,0.185,0,29,23.84,943,2,0
2026-08-31T23:46:20.119,367.000,1.12,0.53,0.202,0,29,23.84,1331,2,0
2026-08-31T23:46:20.519,367.400,1.109,0.531,0.202,0,29,23.82,1349,2,0
2026-08-31T23:46:21.123,368.004,1.104,0.534,0.202,0,29,23.84,1348,2,0
2026-08-31T23:46:21.519,368.400,1.109,0.533,0.203,0,29,23.82,1348,2,0
2026-08-31T23:46:22.119,369.000,1.114,0.529,0.202,0,29,23.85,1346,2,0
2026-08-31T23:46:22.519,369.400,1.114,0.527,0.026,0,0,23.84,289,3,3
2026-08-31T23:46:23.119,370.000,0.018,0.008,0.003,0,0,23.85,32,3,3
2026-08-31T23:46:23.519,370.400,0.018,0.007,0.003,0,0,23.85,1,3,3
2026-08-31T23:46:24.119,371.000,0.018,0.007,0.003,0,0,23.85,0,3,3
2026-08-31T23:46:24.519,371.400,0.018,0.007,0.003,0,0,23.85,0,3,3
2026-08-31T23:46:25.119,372.000,0.018,0.007,0.002,0,0,23.84,0,3,3
2026-08-31T23:46:25.520,372.401,0.018,0.008,0.002,0,0,23.84,0,3,3
2026-08-31T23:46:26.120,373.001,0.018,0.008,0.003,0,0,23.85,0,3,3
2026-08-31T23:46:26.519,373.400,0.024,0.007,0.002,0,0,23.85,0,3,3
2026-08-31T23:46:27.119,374.000,0.018,0.007,0.003,0,0,23.85,0,1,0
2026-08-31T23:46:27.519,374.400,0.018,0.008,0.003,0,0,23.84,0,1,0
2026-08-31T23:46:28.120,375.001,0.169,0.166,0.006,0,3,23.84,0,2,0
2026-08-31T23:46:28.520,375.401,1.071,0.547,0.197,0,29,23.84,1021,2,0
2026-08-31T23:46:29.119,376.000,1.12,0.535,0.202,0,29,23.84,1334,2,0
2026-08-31T23:46:29.519,376.400,1.104,0.535,0.202,0,29,23.81,1349,2,0
2026-08-31T23:46:30.122,377.003,1.114,0.539,0.202,0,29,23.84,1346,2,0
2026-08-31T23:46:30.519,377.400,1.109,0.533,0.202,0,29,23.81,1348,2,0
2026-08-31T23:46:31.119,378.000,1.114,0.53,0.202,0,29,23.84,1347,2,0
2026-08-31T23:46:31.520,378.401,1.098,0.537,0.024,0,0,23.86,280,3,3
2026-08-31T23:46:32.119,379.000,0.018,0.007,0.003,0,0,23.84,48,3,3
2026-08-31T23:46:32.519,379.400,0.018,0.008,0.003,0,0,23.86,2,3,3
2026-08-31T23:46:33.120,380.001,0.018,0.007,0.003,0,0,23.85,0,3,3
2026-08-31T23:46:33.519,380.400,0.018,0.008,0.003,0,0,23.86,0,3,3
2026-08-31T23:46:34.120,381.001,0.018,0.008,0.003,0,0,23.85,0,3,3
2026-08-31T23:46:34.520,381.401,0.018,0.008,0.003,0,0,23.84,0,3,3
2026-08-31T23:46:35.120,382.001,0.018,0.008,0.003,0,0,23.85,0,3,3
2026-08-31T23:46:35.520,382.401,0.018,0.008,0.003,0,0,23.84,0,3,3
2026-08-31T23:46:36.119,383.000,0.018,0.008,0.003,0,0,23.85,0,1,0
2026-08-31T23:46:36.520,383.401,0.018,0.007,0.003,0,0,23.85,0,1,0
2026-08-31T23:46:37.119,384.000,0.792,0.553,0.027,0,5,23.84,0,2,0
2026-08-31T23:46:37.519,384.400,1.114,0.54,0.191,0,29,23.84,1096,2,0
2026-08-31T23:46:38.119,385.000,1.114,0.529,0.201,0,29,23.81,1337,2,0
2026-08-31T23:46:38.519,385.400,1.114,0.533,0.201,0,29,23.82,1350,2,0
2026-08-31T23:46:39.124,386.005,1.114,0.532,0.202,0,29,23.82,1349,2,0
2026-08-31T23:46:39.520,386.401,1.109,0.533,0.202,0,29,23.82,1349,2,0
2026-08-31T23:46:40.119,387.000,1.114,0.531,0.202,0,29,23.84,1345,2,0
2026-08-31T23:46:40.519,387.400,1.104,0.536,0.066,0,0,23.85,383,3,3
2026-08-31T23:46:41.119,388.000,0.018,0.008,0.003,0,0,23.85,84,3,3
2026-08-31T23:46:41.519,388.400,0.018,0.007,0.003,0,0,23.85,3,3,3
2026-08-31T23:46:42.119,389.000,0.024,0.008,0.003,0,0,23.85,0,3,3
2026-08-31T23:46:42.519,389.400,0.018,0.009,0.003,0,0,23.85,0,3,3
2026-08-31T23:46:43.120,390.001,0.018,0.007,0.003,0,0,23.85,0,3,3
2026-08-31T23:46:43.520,390.401,0.018,0.008,0.003,0,0,23.85,0,3,3
2026-08-31T23:46:44.120,391.001,0.018,0.008,0.003,0,0,23.85,0,3,3
2026-08-31T23:46:44.519,391.400,0.024,0.008,0.003,0,0,23.82,0,3,3
2026-08-31T23:46:45.119,392.000,0.018,0.007,0.003,0,0,23.84,0,1,0
2026-08-31T23:46:45.519,392.400,0.018,0.008,0.003,0,0,23.85,0,1,0
2026-08-31T23:46:46.119,393.000,0.034,0.023,0.004,0,2,23.84,0,2,0
2026-08-31T23:46:46.519,393.400,1.093,0.661,0.196,0,29,23.85,994,2,0
2026-08-31T23:46:47.119,394.000,1.109,0.535,0.201,0,29,23.82,1328,2,0
2026-08-31T23:46:47.519,394.400,1.114,0.531,0.201,0,29,23.81,1349,2,0
2026-08-31T23:46:48.126,395.007,1.104,0.534,0.201,0,29,23.84,1347,2,0
2026-08-31T23:46:48.520,395.401,1.109,0.534,0.202,0,29,23.82,1349,2,0
2026-08-31T23:46:49.119,396.000,1.114,0.532,0.202,0,29,23.81,1341,2,0
2026-08-31T23:46:49.520,396.401,1.114,0.534,0.086,0,0,23.85,490,3,3
2026-08-31T23:46:50.119,397.000,0.018,0.008,0.003,0,0,23.84,172,3,3
2026-08-31T23:46:50.520,397.401,0.018,0.008,0.003,0,0,23.85,7,3,3
2026-08-31T23:46:51.119,398.000,0.018,0.007,0.003,0,0,23.85,0,3,3
2026-08-31T23:46:51.520,398.401,0.018,0.007,0.002,0,0,23.85,0,3,3
2026-08-31T23:46:52.120,399.001,0.018,0.008,0.003,0,0,23.85,0,3,3
2026-08-31T23:46:52.519,399.400,0.018,0.007,0.002,0,0,23.85,0,3,3
2026-08-31T23:46:53.119,400.000,0.018,0.008,0.003,0,0,23.85,0,3,3
2026-08-31T23:46:53.519,400.400,0.018,0.008,0.003,0,0,23.85,0,3,3
2026-08-31T23:46:54.119,401.000,0.018,0.007,0.003,0,0,23.85,0,1,0
2026-08-31T23:46:54.519,401.400,0.018,0.007,0.003,0,0,23.85,0,1,0
2026-08-31T23:46:55.120,402.001,0.018,0.007,0.003,0,0,23.84,0,2,0
2026-08-31T23:46:55.519,402.400,0.018,0.008,0.003,0,0,23.84,0,2,0
2026-08-31T23:46:56.119,403.000,0.91,0.659,0.033,0,6,23.85,1,2,0
2026-08-31T23:46:56.519,403.400,1.093,0.545,0.192,0,29,23.84,1111,2,0
2026-08-31T23:46:57.120,404.001,1.104,0.532,0.201,0,29,23.82,1334,2,0
2026-08-31T23:46:57.519,404.400,1.114,0.53,0.201,0,29,23.81,1349,2,0
2026-08-31T23:46:58.129,405.010,1.109,0.534,0.202,0,29,23.84,1348,2,0
2026-08-31T23:46:58.519,405.400,1.114,0.53,0.202,0,29,23.81,1349,2,0
2026-08-31T23:46:59.119,406.000,1.109,0.531,0.202,0,29,23.84,1349,2,0
2026-08-31T23:46:59.519,406.400,1.104,0.531,0.025,0,0,23.85,278,3,3
2026-08-31T23:47:00.119,407.000,0.018,0.008,0.003,0,0,23.85,176,3,3
2026-08-31T23:47:00.519,407.400,0.018,0.008,0.003,0,0,23.85,8,3,3
2026-08-31T23:47:01.119,408.000,0.018,0.007,0.003,0,0,23.85,0,3,3
2026-08-31T23:47:01.519,408.400,0.018,0.007,0.003,0,0,23.84,0,3,3
2026-08-31T23:47:02.120,409.001,0.018,0.008,0.002,0,0,23.85,0,3,3
2026-08-31T23:47:02.519,409.400,0.013,0.007,0.002,0,0,23.84,0,3,3
2026-08-31T23:47:03.119,410.000,0.018,0.007,0.002,0,0,23.85,0,3,3
2026-08-31T23:47:03.520,410.401,0.018,0.008,0.002,0,0,23.84,0,3,3
2026-08-31T23:47:04.120,411.001,0.018,0.008,0.003,0,0,23.85,0,1,0
2026-08-31T23:47:04.519,411.400,0.018,0.008,0.003,0,0,23.86,0,1,0
2026-08-31T23:47:05.120,412.001,0.018,0.008,0.003,0,1,23.85,0,2,0
2026-08-31T23:47:05.519,412.400,1.082,0.552,0.185,0,29,23.84,938,2,0
2026-08-31T23:47:06.119,413.000,1.114,0.531,0.201,0,29,23.82,1332,2,0
2026-08-31T23:47:06.519,413.400,1.114,0.532,0.201,0,29,23.81,1349,2,0
2026-08-31T23:47:07.123,414.004,1.114,0.536,0.202,0,29,23.84,1349,2,0
2026-08-31T23:47:07.519,414.400,1.109,0.537,0.202,0,29,23.81,1348,2,0
2026-08-31T23:47:08.119,415.000,1.109,0.535,0.202,0,29,23.85,1349,2,0
2026-08-31T23:47:08.519,415.400,1.104,0.53,0.025,0,0,23.85,344,3,3
2026-08-31T23:47:09.120,416.001,0.018,0.007,0.003,0,0,23.85,251,3,3
2026-08-31T23:47:09.519,416.400,0.018,0.007,0.003,0,0,23.85,20,3,3
2026-08-31T23:47:10.120,417.001,0.018,0.007,0.003,0,0,23.85,0,3,3
2026-08-31T23:47:10.519,417.400,0.018,0.008,0.003,0,0,23.85,0,3,3
2026-08-31T23:47:11.120,418.001,0.018,0.008,0.003,0,0,23.84,0,3,3
2026-08-31T23:47:11.519,418.400,0.018,0.007,0.003,0,0,23.85,0,3,3
2026-08-31T23:47:12.119,419.000,0.018,0.008,0.003,0,0,23.85,0,3,3
2026-08-31T23:47:12.519,419.400,0.018,0.007,0.002,0,0,23.85,0,3,3
2026-08-31T23:47:13.119,420.000,0.018,0.008,0.003,0,0,23.85,0,1,0
2026-08-31T23:47:13.520,420.401,0.018,0.008,0.003,0,0,23.85,0,1,0
2026-08-31T23:47:14.119,421.000,0.803,0.563,0.033,0,6,23.84,8,2,0
2026-08-31T23:47:14.520,421.401,1.098,0.539,0.192,0,29,23.84,1127,2,0
2026-08-31T23:47:15.119,422.000,1.109,0.536,0.201,0,29,23.84,1340,2,0
2026-08-31T23:47:15.519,422.400,1.114,0.532,0.201,0,29,23.82,1348,2,0
2026-08-31T23:47:16.124,423.005,1.109,0.532,0.202,0,29,23.84,1349,2,0
2026-08-31T23:47:16.519,423.400,1.109,0.534,0.202,0,29,23.82,1349,2,0
2026-08-31T23:47:17.119,424.000,1.114,0.536,0.202,0,29,23.81,1349,2,0
2026-08-31T23:47:17.520,424.401,1.109,0.531,0.026,0,0,23.85,258,3,3
2026-08-31T23:47:18.120,425.000,0.018,0.007,0.003,0,0,23.84,150,3,3
2026-08-31T23:47:18.519,425.400,0.018,0.007,0.003,0,0,23.85,20,3,3
2026-08-31T23:47:19.120,426.001,0.018,0.007,0.003,0,0,23.85,0,3,3
2026-08-31T23:47:19.520,426.401,0.018,0.007,0.003,0,0,23.85,0,3,3
2026-08-31T23:47:20.119,427.000,0.018,0.008,0.003,0,0,23.85,0,3,3
2026-08-31T23:47:20.520,427.401,0.018,0.008,0.003,0,0,23.85,0,3,3
2026-08-31T23:47:21.119,428.000,0.018,0.007,0.003,0,0,23.85,0,3,3
2026-08-31T23:47:21.520,428.401,0.018,0.007,0.003,0,0,23.85,0,3,3
2026-08-31T23:47:22.120,429.001,0.018,0.007,0.003,0,0,23.85,0,1,0
2026-08-31T23:47:22.520,429.401,0.018,0.007,0.003,0,0,23.85,0,1,0
2026-08-31T23:47:23.120,430.001,0.754,0.477,0.033,0,6,23.84,4,2,0
2026-08-31T23:47:23.519,430.400,1.104,0.534,0.192,0,29,23.82,1122,2,0
2026-08-31T23:47:24.119,431.000,1.109,0.532,0.202,0,29,23.85,1340,2,0
2026-08-31T23:47:24.519,431.400,1.109,0.533,0.202,0,29,23.82,1349,2,0
2026-08-31T23:47:25.129,432.010,1.109,0.534,0.202,0,29,23.84,1349,2,0
2026-08-31T23:47:25.519,432.400,1.109,0.535,0.202,0,29,23.82,1346,2,0
2026-08-31T23:47:26.120,433.001,1.12,0.534,0.202,0,29,23.81,1349,2,0
2026-08-31T23:47:26.519,433.400,1.093,0.512,0.024,0,0,23.85,144,3,3
2026-08-31T23:47:27.120,434.001,0.018,0.007,0.003,0,0,23.85,6,3,3
2026-08-31T23:47:27.519,434.400,0.018,0.007,0.002,0,0,23.85,0,3,3
2026-08-31T23:47:28.120,435.001,0.018,0.008,0.002,0,0,23.85,0,3,3
2026-08-31T23:47:28.519,435.400,0.024,0.007,0.002,0,0,23.85,0,3,3
2026-08-31T23:47:29.120,436.001,0.013,0.007,0.002,0,0,23.84,0,3,3
2026-08-31T23:47:29.520,436.400,0.018,0.007,0.002,0,0,23.85,0,3,3
2026-08-31T23:47:30.119,437.000,0.018,0.008,0.002,0,0,23.86,0,3,3
2026-08-31T23:47:30.519,437.400,0.018,0.008,0.002,0,0,23.84,0,3,3
2026-08-31T23:47:31.119,438.000,0.024,0.008,0.003,0,0,23.85,0,1,0
2026-08-31T23:47:31.519,438.400,0.018,0.007,0.003,0,0,23.85,0,1,0
2026-08-31T23:47:32.119,439.000,0.862,0.601,0.035,0,6,23.84,2,2,0
2026-08-31T23:47:32.519,439.400,1.082,0.544,0.193,0,29,23.84,1112,2,0
2026-08-31T23:47:33.120,440.001,1.109,0.537,0.202,0,29,23.82,1340,2,0
2026-08-31T23:47:33.520,440.401,1.109,0.533,0.202,0,29,23.84,1346,2,0
2026-08-31T23:47:34.124,441.005,1.109,0.535,0.203,0,29,23.82,1348,2,0
2026-08-31T23:47:34.519,441.400,1.109,0.538,0.203,0,29,23.84,1344,2,0
2026-08-31T23:47:35.119,442.000,1.109,0.532,0.204,0,29,23.82,1347,2,0
2026-08-31T23:47:35.519,442.400,1.093,0.526,0.024,0,0,23.85,174,3,3
2026-08-31T23:47:36.119,443.000,0.018,0.008,0.003,0,0,23.85,7,3,3
2026-08-31T23:47:36.520,443.401,0.013,0.007,0.003,0,0,23.85,0,3,3
2026-08-31T23:47:37.119,444.000,0.018,0.008,0.003,0,0,23.84,0,3,3
2026-08-31T23:47:37.520,444.401,0.018,0.007,0.002,0,0,23.85,0,3,3
2026-08-31T23:47:38.119,445.000,0.018,0.007,0.002,0,0,23.86,0,3,3
2026-08-31T23:47:38.519,445.400,0.018,0.008,0.002,0,0,23.85,0,3,3
2026-08-31T23:47:39.120,446.001,0.018,0.009,0.002,0,0,23.85,0,3,3
2026-08-31T23:47:39.520,446.401,0.024,0.008,0.003,0,0,23.85,0,3,3
2026-08-31T23:47:40.119,447.000,0.018,0.008,0.003,0,0,23.85,0,1,0
2026-08-31T23:47:40.519,447.400,0.018,0.007,0.003,0,0,23.84,0,1,0
2026-08-31T23:47:41.119,448.000,0.787,0.551,0.011,0,3,23.85,0,2,0
2026-08-31T23:47:41.519,448.400,1.093,0.539,0.195,0,29,23.82,1041,2,0
2026-08-31T23:47:42.120,449.001,1.109,0.531,0.202,0,29,23.84,1336,2,0
2026-08-31T23:47:42.520,449.401,1.109,0.53,0.204,0,29,23.82,1343,2,0
2026-08-31T23:47:43.123,450.004,1.114,0.532,0.204,0,29,23.84,1347,2,0
2026-08-31T23:47:43.519,450.400,1.104,0.538,0.204,0,29,23.82,1347,2,0
2026-08-31T23:47:44.120,451.001,1.109,0.538,0.187,0,0,23.85,1288,3,3
2026-08-31T23:47:44.519,451.400,0.018,0.007,0.003,0,0,23.84,151,3,3
2026-08-31T23:47:45.119,452.000,0.018,0.008,0.003,0,0,23.84,6,3,3
2026-08-31T23:47:45.519,452.400,0.018,0.008,0.003,0,0,23.84,0,3,3
2026-08-31T23:47:46.119,453.000,0.018,0.008,0.003,0,0,23.85,0,3,3
2026-08-31T23:47:46.519,453.400,0.018,0.007,0.003,0,0,23.84,0,3,3
2026-08-31T23:47:47.141,454.022,0.018,0.007,0.003,0,0,23.85,0,3,3
2026-08-31T23:47:47.519,454.400,0.018,0.008,0.003,0,0,23.85,0,3,3
2026-08-31T23:47:48.119,455.000,0.018,0.007,0.003,0,0,23.85,0,3,3
2026-08-31T23:47:48.519,455.400,0.018,0.008,0.003,0,0,23.85,0,1,0
2026-08-31T23:47:49.119,456.000,0.018,0.007,0.003,0,0,23.84,0,2,0
2026-08-31T23:47:49.519,456.400,0.878,0.522,0.062,0,12,23.84,149,2,0
2026-08-31T23:47:50.120,457.001,1.114,0.537,0.202,0,29,23.82,1221,2,0
2026-08-31T23:47:50.519,457.400,1.104,0.534,0.204,0,29,23.82,1336,2,0
2026-08-31T23:47:51.119,458.000,1.104,0.533,0.204,0,29,23.81,1347,2,0
2026-08-31T23:47:51.519,458.400,1.109,0.535,0.205,0,29,23.84,1344,2,0
2026-08-31T23:47:52.119,459.000,1.114,0.536,0.205,0,29,23.82,1348,2,0
2026-08-31T23:47:52.519,459.400,1.109,0.539,0.205,0,29,23.82,1337,2,0
2026-08-31T23:47:53.119,460.000,1.098,0.537,0.106,0,0,23.85,570,3,3
2026-08-31T23:47:53.519,460.400,0.018,0.008,0.003,0,0,23.84,231,3,3
2026-08-31T23:47:54.120,461.001,0.018,0.007,0.003,0,0,23.85,10,3,3
2026-08-31T23:47:54.520,461.401,0.018,0.007,0.003,0,0,23.85,0,3,3
2026-08-31T23:47:55.119,462.000,0.018,0.008,0.003,0,0,23.85,0,3,3
2026-08-31T23:47:55.519,462.400,0.018,0.007,0.003,0,0,23.85,0,3,3
2026-08-31T23:47:56.148,463.029,0.018,0.008,0.002,0,0,23.85,0,3,3
2026-08-31T23:47:56.520,463.401,0.018,0.008,0.002,0,0,23.84,0,3,3
2026-08-31T23:47:57.119,464.000,0.024,0.008,0.002,0,0,23.85,0,3,3
2026-08-31T23:47:57.520,464.401,0.018,0.008,0.003,0,0,23.85,0,1,0
2026-08-31T23:47:58.120,465.001,0.018,0.008,0.003,0,0,23.84,0,2,0
2026-08-31T23:47:58.519,465.400,0.883,0.511,0.054,0,10,23.84,94,2,0
2026-08-31T23:47:59.119,466.000,1.109,0.537,0.199,0,29,23.84,1196,2,0
2026-08-31T23:47:59.520,466.401,1.109,0.539,0.203,0,29,23.81,1341,2,0
2026-08-31T23:48:00.119,467.000,1.109,0.532,0.203,0,29,23.84,1347,2,0
2026-08-31T23:48:00.519,467.400,1.109,0.535,0.204,0,29,23.81,1348,2,0
2026-08-31T23:48:01.120,468.001,1.109,0.536,0.203,0,29,23.84,1348,2,0
2026-08-31T23:48:01.519,468.400,1.109,0.53,0.203,0,29,23.81,1348,2,0
2026-08-31T23:48:02.119,469.000,1.104,0.531,0.043,0,0,23.85,354,3,3
2026-08-31T23:48:02.519,469.400,0.013,0.008,0.003,0,0,23.85,227,3,3
2026-08-31T23:48:03.120,470.001,0.018,0.007,0.003,0,0,23.84,17,3,3
2026-08-31T23:48:03.520,470.401,0.018,0.007,0.002,0,0,23.86,0,3,3
2026-08-31T23:48:04.119,471.000,0.018,0.008,0.002,0,0,23.85,0,3,3
2026-08-31T23:48:04.520,471.401,0.018,0.007,0.002,0,0,23.84,0,3,3
2026-08-31T23:48:05.146,472.027,0.018,0.008,0.002,0,0,23.85,0,3,3
2026-08-31T23:48:05.519,472.400,0.018,0.008,0.002,0,0,23.85,0,3,3
2026-08-31T23:48:06.119,473.000,0.018,0.007,0.002,0,0,23.85,0,3,3
2026-08-31T23:48:06.520,473.401,0.018,0.008,0.002,0,0,23.85,0,3,3
2026-08-31T23:48:07.119,474.000,0.018,0.007,0.003,0,0,23.85,0,1,0
2026-08-31T23:48:07.519,474.400,0.018,0.007,0.003,0,0,23.84,0,1,0
2026-08-31T23:48:08.120,475.001,0.018,0.007,0.003,0,0,23.84,0,2,0
2026-08-31T23:48:08.519,475.400,0.018,0.008,0.003,0,0,23.84,0,2,0
2026-08-31T23:48:09.120,476.001,0.018,0.008,0.003,0,0,23.85,0,2,0
2026-08-31T23:48:09.520,476.401,1.061,0.534,0.154,0,26,23.82,737,2,0
2026-08-31T23:48:10.119,477.000,1.114,0.566,0.204,0,29,23.84,1321,2,0
2026-08-31T23:48:10.520,477.400,1.109,0.533,0.203,0,29,23.82,1347,2,0
2026-08-31T23:48:11.125,478.006,1.109,0.53,0.203,0,29,23.84,1348,2,0
2026-08-31T23:48:11.519,478.400,1.114,0.537,0.203,0,29,23.81,1348,2,0
2026-08-31T23:48:12.119,479.000,1.104,0.531,0.202,0,29,23.82,1349,2,0
2026-08-31T23:48:12.520,479.401,1.071,0.526,0.026,0,0,23.84,287,3,3
2026-08-31T23:48:13.119,480.000,0.018,0.007,0.003,0,0,23.84,26,3,3
2026-08-31T23:48:13.520,480.401,0.018,0.007,0.003,0,0,23.85,1,3,3
2026-08-31T23:48:14.119,481.000,0.018,0.008,0.002,0,0,23.84,0,3,3
2026-08-31T23:48:14.519,481.400,0.018,0.007,0.002,0,0,23.84,0,3,3
2026-08-31T23:48:15.119,482.000,0.024,0.008,0.002,0,0,23.85,0,3,3
2026-08-31T23:48:15.519,482.400,0.018,0.007,0.002,0,0,23.85,0,3,3
2026-08-31T23:48:16.120,483.001,0.018,0.007,0.002,0,0,23.85,0,3,3
2026-08-31T23:48:16.519,483.400,0.018,0.008,0.002,0,0,23.85,0,3,3
2026-08-31T23:48:17.119,484.000,0.018,0.008,0.003,0,0,23.84,0,1,0
2026-08-31T23:48:17.521,484.402,0.018,0.007,0.003,0,0,23.85,0,1,0
2026-08-31T23:48:18.119,485.000,0.819,0.584,0.027,0,5,23.82,0,2,0
2026-08-31T23:48:18.519,485.400,1.104,0.554,0.191,0,29,23.82,1095,2,0
2026-08-31T23:48:19.119,486.000,1.104,0.533,0.201,0,29,23.82,1338,2,0
2026-08-31T23:48:19.519,486.400,1.109,0.534,0.202,0,29,23.82,1349,2,0
2026-08-31T23:48:20.126,487.007,1.12,0.533,0.201,0,29,23.82,1350,2,0
2026-08-31T23:48:20.519,487.400,1.114,0.534,0.202,0,29,23.84,1349,2,0
2026-08-31T23:48:21.119,488.000,1.114,0.532,0.203,0,29,23.81,1346,2,0
2026-08-31T23:48:21.520,488.401,1.104,0.53,0.024,0,0,23.85,332,3,3
2026-08-31T23:48:22.119,489.000,0.024,0.008,0.003,0,0,23.85,51,3,3
2026-08-31T23:48:22.520,489.401,0.018,0.008,0.003,0,0,23.85,2,3,3
2026-08-31T23:48:23.119,490.000,0.018,0.008,0.003,0,0,23.84,0,3,3
2026-08-31T23:48:23.520,490.401,0.018,0.008,0.002,0,0,23.84,0,3,3
2026-08-31T23:48:24.119,491.000,0.018,0.007,0.002,0,0,23.84,0,3,3
2026-08-31T23:48:24.519,491.400,0.018,0.007,0.002,0,0,23.84,0,3,3
2026-08-31T23:48:25.119,492.000,0.018,0.007,0.002,0,0,23.85,0,3,3
2026-08-31T23:48:25.519,492.400,0.013,0.007,0.002,0,0,23.85,0,3,3
2026-08-31T23:48:26.119,493.000,0.018,0.007,0.002,0,0,23.84,0,1,0
2026-08-31T23:48:26.520,493.401,0.018,0.008,0.003,0,0,23.85,0,1,0
2026-08-31T23:48:27.120,494.001,0.889,0.639,0.031,0,6,23.84,0,2,0
2026-08-31T23:48:27.519,494.400,1.104,0.561,0.191,0,29,23.84,1103,2,0
2026-08-31T23:48:28.119,495.000,1.12,0.536,0.202,0,29,23.79,1336,2,0
2026-08-31T23:48:28.520,495.401,1.109,0.534,0.203,0,29,23.84,1348,2,0
2026-08-31T23:48:29.128,496.009,1.109,0.53,0.203,0,29,23.82,1345,2,0
2026-08-31T23:48:29.534,496.415,1.109,0.535,0.203,0,29,23.85,1348,2,0
2026-08-31T23:48:30.120,497.001,1.109,0.528,0.203,0,29,23.79,1345,2,0
2026-08-31T23:48:30.519,497.400,1.109,0.531,0.024,0,0,23.85,297,3,3
2026-08-31T23:48:31.119,498.000,0.018,0.007,0.003,0,0,23.85,69,3,3
2026-08-31T23:48:31.519,498.400,0.018,0.008,0.003,0,0,23.85,3,3,3
2026-08-31T23:48:32.119,499.000,0.018,0.007,0.003,0,0,23.85,0,3,3
2026-08-31T23:48:32.519,499.400,0.018,0.008,0.002,0,0,23.84,0,3,3
2026-08-31T23:48:33.120,500.001,0.018,0.008,0.003,0,0,23.85,0,3,3
2026-08-31T23:48:33.520,500.400,0.018,0.007,0.003,0,0,23.85,0,3,3
2026-08-31T23:48:34.119,501.000,0.018,0.007,0.003,0,0,23.85,0,3,3
2026-08-31T23:48:34.519,501.400,0.018,0.008,0.002,0,0,23.85,0,3,3
2026-08-31T23:48:35.119,502.000,0.018,0.007,0.003,0,0,23.84,0,1,0
2026-08-31T23:48:35.519,502.400,0.013,0.008,0.003,0,0,23.85,0,1,0
2026-08-31T23:48:36.120,503.001,0.244,0.239,0.01,0,3,23.84,0,2,0
2026-08-31T23:48:36.519,503.400,1.114,0.635,0.198,0,29,23.84,1040,2,0
2026-08-31T23:48:37.120,504.001,1.114,0.53,0.202,0,29,23.81,1331,2,0
2026-08-31T23:48:37.520,504.401,1.109,0.536,0.203,0,29,23.85,1348,2,0
2026-08-31T23:48:38.125,505.006,1.114,0.532,0.203,0,29,23.82,1342,2,0
2026-08-31T23:48:38.519,505.400,1.114,0.532,0.202,0,29,23.82,1349,2,0
2026-08-31T23:48:39.119,506.000,1.114,0.535,0.203,0,29,23.82,1343,2,0
2026-08-31T23:48:39.519,506.400,1.071,0.53,0.025,0,0,23.85,316,3,3
2026-08-31T23:48:40.119,507.000,0.018,0.008,0.003,0,0,23.85,122,3,3
2026-08-31T23:48:40.519,507.400,0.018,0.007,0.003,0,0,23.85,5,3,3
2026-08-31T23:48:41.120,508.001,0.024,0.007,0.003,0,0,23.85,0,3,3
2026-08-31T23:48:41.519,508.400,0.018,0.009,0.003,0,0,23.85,0,3,3
2026-08-31T23:48:42.120,509.001,0.018,0.008,0.003,0,0,23.85,0,3,3
2026-08-31T23:48:42.519,509.400,0.018,0.008,0.003,0,0,23.84,0,3,3
2026-08-31T23:48:43.119,510.000,0.018,0.007,0.003,0,0,23.85,0,3,3
2026-08-31T23:48:43.519,510.400,0.018,0.008,0.003,0,0,23.85,0,3,3
2026-08-31T23:48:44.119,511.000,0.018,0.007,0.003,0,0,23.84,0,1,0
2026-08-31T23:48:44.520,511.401,0.018,0.008,0.003,0,0,23.84,0,1,0
2026-08-31T23:48:45.119,512.000,0.915,0.666,0.037,0,6,23.84,7,2,0
2026-08-31T23:48:45.519,512.400,1.093,0.549,0.192,0,29,23.82,1127,2,0
2026-08-31T23:48:46.119,513.000,1.109,0.533,0.202,0,29,23.82,1329,2,0
2026-08-31T23:48:46.519,513.400,1.109,0.53,0.203,0,29,23.82,1348,2,0
2026-08-31T23:48:47.124,514.005,1.109,0.534,0.203,0,29,23.82,1339,2,0
2026-08-31T23:48:47.520,514.401,1.114,0.534,0.202,0,29,23.81,1349,2,0
2026-08-31T23:48:48.120,515.001,1.114,0.529,0.184,0,0,23.85,1275,3,3
2026-08-31T23:48:48.519,515.400,0.018,0.008,0.003,0,0,23.85,228,3,3
2026-08-31T23:48:49.119,516.000,0.018,0.007,0.003,0,0,23.85,155,3,3
2026-08-31T23:48:49.519,516.400,0.018,0.007,0.003,0,0,23.85,6,3,3
2026-08-31T23:48:50.119,517.000,0.018,0.007,0.003,0,0,23.84,0,3,3
2026-08-31T23:48:50.519,517.400,0.024,0.008,0.002,0,0,23.85,0,3,3
2026-08-31T23:48:51.136,518.017,0.018,0.007,0.003,0,0,23.85,0,3,3
2026-08-31T23:48:51.519,518.400,0.018,0.007,0.003,0,0,23.85,0,3,3
2026-08-31T23:48:52.119,519.000,0.018,0.008,0.003,0,0,23.85,0,3,3
2026-08-31T23:48:52.520,519.401,0.018,0.007,0.003,0,0,23.85,0,1,0
2026-08-31T23:48:53.119,520.000,0.018,0.008,0.003,0,0,23.84,0,2,0
2026-08-31T23:48:53.519,520.400,0.926,0.522,0.066,0,12,23.84,172,2,0
2026-08-31T23:48:54.119,521.000,1.093,0.553,0.201,0,29,23.81,1217,2,0
2026-08-31T23:48:54.520,521.401,1.114,0.529,0.202,0,29,23.84,1344,2,0
2026-08-31T23:48:55.120,522.001,1.109,0.535,0.203,0,29,23.82,1349,2,0
2026-08-31T23:48:55.519,522.400,1.104,0.537,0.203,0,29,23.84,1348,2,0
2026-08-31T23:48:56.119,523.000,1.104,0.53,0.203,0,29,23.82,1348,2,0
2026-08-31T23:48:56.519,523.400,1.109,0.53,0.203,0,29,23.84,1348,2,0
2026-08-31T23:48:57.120,524.001,1.109,0.533,0.145,0,0,23.85,884,3,3
2026-08-31T23:48:57.519,524.400,0.018,0.007,0.003,0,0,23.85,42,3,3
2026-08-31T23:48:58.119,525.000,0.018,0.007,0.003,0,0,23.84,1,3,3
2026-08-31T23:48:58.519,525.400,0.018,0.007,0.003,0,0,23.85,0,3,3
2026-08-31T23:48:59.119,526.000,0.013,0.008,0.003,0,0,23.85,0,3,3
2026-08-31T23:48:59.519,526.400,0.018,0.008,0.003,0,0,23.85,0,3,3
2026-08-31T23:49:00.142,527.023,0.018,0.007,0.003,0,0,23.85,0,3,3
2026-08-31T23:49:00.519,527.400,0.018,0.007,0.002,0,0,23.86,0,3,3
2026-08-31T23:49:01.120,528.001,0.018,0.008,0.002,0,0,23.85,0,3,3
2026-08-31T23:49:01.519,528.400,0.018,0.007,0.003,0,0,23.85,0,1,0
2026-08-31T23:49:02.119,529.000,0.018,0.007,0.003,0,0,23.84,0,2,0
2026-08-31T23:49:02.519,529.400,0.878,0.602,0.057,0,10,23.84,101,2,0
2026-08-31T23:49:03.119,530.000,1.104,0.534,0.199,0,29,23.82,1201,2,0
2026-08-31T23:49:03.519,530.400,1.109,0.533,0.202,0,29,23.84,1342,2,0
2026-08-31T23:49:04.120,531.001,1.109,0.536,0.203,0,29,23.81,1347,2,0
2026-08-31T23:49:04.520,531.401,1.12,0.535,0.203,0,29,23.84,1349,2,0
2026-08-31T23:49:05.119,532.000,1.109,0.535,0.203,0,29,23.81,1349,2,0
2026-08-31T23:49:05.519,532.400,1.114,0.537,0.203,0,29,23.84,1348,2,0
2026-08-31T23:49:06.119,533.000,1.098,0.531,0.045,0,0,23.84,311,3,3
2026-08-31T23:49:06.519,533.400,0.018,0.008,0.003,0,0,23.85,25,3,3
2026-08-31T23:49:07.120,534.001,0.018,0.007,0.003,0,0,23.84,1,3,3
2026-08-31T23:49:07.519,534.400,0.018,0.009,0.003,0,0,23.85,0,3,3
2026-08-31T23:49:08.120,535.001,0.018,0.007,0.003,0,0,23.85,0,3,3
2026-08-31T23:49:08.520,535.401,0.018,0.008,0.002,0,0,23.85,0,3,3
2026-08-31T23:49:09.143,536.024,0.018,0.008,0.003,0,0,23.85,0,3,3
2026-08-31T23:49:09.520,536.400,0.013,0.008,0.003,0,0,23.85,0,3,3
2026-08-31T23:49:10.119,537.000,0.018,0.007,0.002,0,0,23.84,0,3,3
2026-08-31T23:49:10.519,537.400,0.018,0.007,0.003,0,0,23.84,0,1,0
2026-08-31T23:49:11.120,538.001,0.018,0.008,0.003,0,0,23.85,0,2,0
2026-08-31T23:49:11.519,538.400,0.84,0.514,0.047,0,9,23.84,68,2,0
2026-08-31T23:49:12.120,539.001,1.104,0.542,0.197,0,29,23.82,1182,2,0
2026-08-31T23:49:12.519,539.400,1.109,0.533,0.203,0,29,23.84,1340,2,0
2026-08-31T23:49:13.119,540.000,1.104,0.534,0.203,0,29,23.82,1348,2,0
2026-08-31T23:49:13.519,540.400,1.109,0.535,0.204,0,29,23.82,1346,2,0
2026-08-31T23:49:14.119,541.000,1.109,0.532,0.204,0,29,23.84,1347,2,0
2026-08-31T23:49:14.520,541.401,1.104,0.531,0.204,0,29,23.82,1345,2,0
2026-08-31T23:49:15.119,542.000,1.109,0.532,0.063,0,0,23.84,322,3,3
2026-08-31T23:49:15.519,542.400,0.018,0.007,0.003,0,0,23.85,31,3,3
2026-08-31T23:49:16.119,543.000,0.018,0.007,0.003,0,0,23.84,1,3,3
2026-08-31T23:49:16.520,543.401,0.018,0.007,0.003,0,0,23.84,0,3,3
2026-08-31T23:49:17.120,544.001,0.018,0.007,0.003,0,0,23.85,0,3,3
2026-08-31T23:49:17.520,544.401,0.018,0.008,0.003,0,0,23.85,0,3,3
2026-08-31T23:49:18.149,545.030,0.018,0.009,0.003,0,0,23.85,0,3,3
2026-08-31T23:49:18.520,545.401,0.018,0.008,0.003,0,0,23.85,0,3,3
2026-08-31T23:49:19.120,546.001,0.018,0.007,0.003,0,0,23.85,0,3,3
2026-08-31T23:49:19.520,546.401,0.018,0.008,0.003,0,0,23.85,0,1,0
2026-08-31T23:49:20.120,547.001,0.018,0.008,0.003,0,0,23.84,0,2,0
2026-08-31T23:49:20.520,547.401,0.883,0.509,0.039,0,7,23.84,28,2,0
2026-08-31T23:49:21.120,548.001,1.093,0.551,0.195,0,29,23.82,1149,2,0
2026-08-31T23:49:21.520,548.401,1.109,0.533,0.203,0,29,23.82,1337,2,0
2026-08-31T23:49:22.119,549.000,1.114,0.535,0.203,0,29,23.81,1348,2,0
2026-08-31T23:49:22.519,549.400,1.104,0.537,0.204,0,29,23.84,1346,2,0
2026-08-31T23:49:23.120,550.001,1.109,0.527,0.203,0,29,23.81,1348,2,0
2026-08-31T23:49:23.519,550.400,1.114,0.532,0.203,0,29,23.84,1345,2,0
2026-08-31T23:49:24.119,551.000,1.114,0.533,0.104,0,0,23.86,526,3,3
2026-08-31T23:49:24.520,551.401,0.018,0.007,0.003,0,0,23.85,60,3,3
2026-08-31T23:49:25.120,552.001,0.018,0.008,0.003,0,0,23.86,2,3,3
2026-08-31T23:49:25.520,552.401,0.018,0.007,0.003,0,0,23.85,0,3,3
2026-08-31T23:49:26.120,553.001,0.018,0.008,0.003,0,0,23.85,0,3,3
2026-08-31T23:49:26.520,553.401,0.018,0.007,0.003,0,0,23.85,0,3,3
2026-08-31T23:49:27.143,554.024,0.024,0.007,0.003,0,0,23.85,0,3,3
2026-08-31T23:49:27.519,554.400,0.018,0.007,0.003,0,0,23.84,0,3,3
2026-08-31T23:49:28.120,555.001,0.018,0.007,0.003,0,0,23.85,0,3,3
2026-08-31T23:49:28.519,555.400,0.018,0.008,0.003,0,0,23.84,0,1,0
2026-08-31T23:49:29.119,556.000,0.018,0.008,0.003,0,0,23.84,0,2,0
2026-08-31T23:49:29.519,556.400,0.926,0.575,0.067,0,13,23.84,180,2,0
2026-08-31T23:49:30.119,557.000,1.104,0.547,0.201,0,29,23.84,1234,2,0
2026-08-31T23:49:30.520,557.401,1.109,0.532,0.203,0,29,23.82,1342,2,0
2026-08-31T23:49:31.120,558.000,1.109,0.535,0.204,0,29,23.84,1348,2,0
2026-08-31T23:49:31.519,558.400,1.114,0.534,0.205,0,29,23.81,1344,2,0
2026-08-31T23:49:32.120,559.001,1.098,0.54,0.205,0,29,23.82,1346,2,0
2026-08-31T23:49:32.519,559.400,1.104,0.536,0.204,0,29,23.85,1348,2,0
2026-08-31T23:49:33.120,560.001,1.082,0.531,0.021,0,0,23.85,312,3,3
2026-08-31T23:49:33.519,560.400,0.018,0.008,0.003,0,0,23.85,128,3,3
2026-08-31T23:49:34.119,561.000,0.018,0.008,0.003,0,0,23.88,5,3,3
2026-08-31T23:49:34.520,561.401,0.018,0.007,0.003,0,0,23.85,0,3,3
2026-08-31T23:49:35.119,562.000,0.018,0.007,0.003,0,0,23.84,0,3,3
2026-08-31T23:49:35.520,562.401,0.018,0.008,0.003,0,0,23.85,0,3,3
2026-08-31T23:49:36.148,563.029,0.024,0.007,0.003,0,0,23.85,0,3,3
2026-08-31T23:49:36.520,563.401,0.018,0.008,0.003,0,0,23.85,0,3,3
2026-08-31T23:49:37.119,564.000,0.018,0.008,0.002,0,0,23.85,0,3,3
2026-08-31T23:49:37.520,564.401,0.018,0.007,0.003,0,0,23.85,0,1,0
2026-08-31T23:49:38.120,565.001,0.018,0.007,0.003,0,0,23.85,0,1,0
2026-08-31T23:49:38.520,565.401,0.018,0.007,0.003,0,0,23.85,0,2,0
2026-08-31T23:49:39.120,566.001,0.018,0.007,0.003,0,0,23.85,0,2,0
2026-08-31T23:49:39.519,566.400,0.754,0.485,0.032,0,6,23.84,0,2,0
2026-08-31T23:49:40.120,567.001,1.104,0.563,0.192,0,29,23.84,1110,2,0
2026-08-31T23:49:40.520,567.401,1.109,0.537,0.204,0,29,23.82,1331,2,0
2026-08-31T23:49:41.120,568.001,1.104,0.534,0.204,0,29,23.81,1346,2,0
2026-08-31T23:49:41.519,568.400,1.114,0.529,0.203,0,29,23.84,1336,2,0
2026-08-31T23:49:42.120,569.001,1.109,0.535,0.203,0,29,23.82,1348,2,0
2026-08-31T23:49:42.520,569.401,1.109,0.535,0.203,0,29,23.84,1346,2,0
2026-08-31T23:49:43.120,570.001,1.087,0.533,0.024,0,0,23.85,272,3,3
2026-08-31T23:49:43.520,570.401,0.018,0.008,0.003,0,0,23.85,157,3,3
2026-08-31T23:49:44.120,571.001,0.018,0.008,0.003,0,0,23.85,6,3,3
2026-08-31T23:49:44.519,571.400,0.018,0.008,0.003,0,0,23.85,0,3,3
2026-08-31T23:49:45.120,572.001,0.013,0.008,0.003,0,0,23.85,0,3,3
2026-08-31T23:49:45.519,572.400,0.018,0.007,0.003,0,0,23.84,0,3,3
2026-08-31T23:49:46.174,573.055,0.018,0.007,0.003,0,0,23.85,0,3,3
2026-08-31T23:49:46.519,573.400,0.013,0.007,0.003,0,0,23.85,0,3,3
2026-08-31T23:49:47.120,574.001,0.018,0.007,0.003,0,0,23.85,0,3,3
2026-08-31T23:49:47.520,574.401,0.018,0.007,0.003,0,0,23.84,0,1,0
2026-08-31T23:49:48.119,575.000,0.024,0.008,0.003,0,0,23.84,0,2,0
2026-08-31T23:49:48.519,575.400,0.867,0.558,0.056,0,10,23.84,103,2,0
2026-08-31T23:49:49.119,576.000,1.098,0.535,0.199,0,29,23.84,1202,2,0
2026-08-31T23:49:49.519,576.400,1.104,0.534,0.204,0,29,23.81,1341,2,0
2026-08-31T23:49:50.119,577.000,1.109,0.536,0.204,0,29,23.84,1347,2,0
2026-08-31T23:49:50.520,577.401,1.098,0.537,0.203,0,29,23.79,1349,2,0
2026-08-31T23:49:51.119,578.000,1.104,0.536,0.205,0,29,23.82,1348,2,0
2026-08-31T23:49:51.520,578.401,1.109,0.537,0.204,0,29,23.82,1347,2,0
2026-08-31T23:49:52.120,579.001,1.098,0.534,0.066,0,0,23.85,425,3,3
2026-08-31T23:49:52.519,579.400,0.018,0.007,0.003,0,0,23.86,251,3,3
2026-08-31T23:49:53.120,580.001,0.018,0.008,0.003,0,0,23.85,17,3,3
2026-08-31T23:49:53.520,580.401,0.024,0.008,0.003,0,0,23.84,0,3,3
2026-08-31T23:49:54.120,581.001,0.018,0.008,0.003,0,0,23.85,0,3,3
2026-08-31T23:49:54.519,581.400,0.018,0.007,0.003,0,0,23.85,0,3,3
2026-08-31T23:49:55.146,582.027,0.018,0.008,0.003,0,0,23.85,0,3,3
2026-08-31T23:49:55.519,582.400,0.018,0.007,0.002,0,0,23.88,0,3,3
2026-08-31T23:49:56.119,583.000,0.018,0.007,0.003,0,0,23.85,0,3,3
2026-08-31T23:49:56.519,583.400,0.018,0.008,0.003,0,0,23.84,0,1,0
2026-08-31T23:49:57.120,584.001,0.018,0.007,0.003,0,0,23.84,0,2,0
2026-08-31T23:49:57.520,584.401,0.797,0.561,0.027,0,5,23.84,0,2,0
2026-08-31T23:49:58.119,585.000,1.109,0.544,0.193,0,29,23.82,1098,2,0
2026-08-31T23:49:58.519,585.400,1.109,0.533,0.205,0,29,23.82,1336,2,0
2026-08-31T23:49:59.120,586.001,1.104,0.536,0.204,0,29,23.82,1348,2,0
2026-08-31T23:49:59.520,586.401,1.114,0.536,0.204,0,29,23.82,1348,2,0
2026-08-31T23:50:00.120,587.001,1.109,0.536,0.204,0,29,23.84,1347,2,0
2026-08-31T23:50:00.519,587.400,1.109,0.535,0.204,0,29,23.82,1348,2,0
2026-08-31T23:50:01.119,588.000,1.114,0.535,0.083,0,0,23.85,437,3,3
2026-08-31T23:50:01.519,588.400,0.018,0.008,0.003,0,0,23.84,188,3,3
2026-08-31T23:50:02.120,589.001,0.018,0.007,0.003,0,0,23.85,20,3,3
2026-08-31T23:50:02.520,589.401,0.018,0.008,0.003,0,0,23.85,0,3,3
2026-08-31T23:50:03.120,590.001,0.018,0.009,0.003,0,0,23.85,0,3,3
2026-08-31T23:50:03.520,590.401,0.024,0.008,0.002,0,0,23.86,0,3,3
2026-08-31T23:50:04.137,591.018,0.018,0.008,0.003,0,0,23.85,0,3,3
2026-08-31T23:50:04.519,591.400,0.018,0.008,0.003,0,0,23.84,0,3,3
2026-08-31T23:50:05.119,592.000,0.018,0.007,0.003,0,0,23.85,0,3,3
2026-08-31T23:50:05.519,592.400,0.018,0.008,0.003,0,0,23.85,0,3,3
2026-08-31T23:50:06.120,593.001,0.018,0.008,0.003,0,0,23.85,0,1,0
2026-08-31T23:50:06.519,593.400,0.018,0.007,0.003,0,0,23.84,0,1,0
2026-08-31T23:50:07.119,594.000,0.018,0.007,0.003,0,0,23.84,0,2,0
2026-08-31T23:50:07.519,594.400,1.066,0.583,0.16,0,27,23.81,776,2,0
2026-08-31T23:50:08.119,595.000,1.114,0.546,0.206,0,29,23.81,1322,2,0
2026-08-31T23:50:08.520,595.401,1.114,0.538,0.204,0,29,23.84,1347,2,0
2026-08-31T23:50:09.128,596.009,1.109,0.533,0.203,0,29,23.81,1348,2,0
2026-08-31T23:50:09.519,596.400,1.109,0.537,0.203,0,29,23.84,1349,2,0
2026-08-31T23:50:10.120,597.001,1.109,0.529,0.202,0,29,23.81,1348,2,0
2026-08-31T23:50:10.520,597.401,1.109,0.526,0.045,0,0,23.85,312,3,3
2026-08-31T23:50:11.119,598.000,0.018,0.008,0.003,0,0,23.85,37,3,3
2026-08-31T23:50:11.520,598.401,0.018,0.008,0.003,0,0,23.85,1,3,3
2026-08-31T23:50:12.120,599.001,0.018,0.008,0.003,0,0,23.85,0,3,3
2026-08-31T23:50:12.520,599.401,0.018,0.007,0.003,0,0,23.86,0,3,3
2026-08-31T23:50:13.120,600.001,0.018,0.007,0.003,0,0,23.84,0,3,3
2026-08-31T23:50:13.520,600.401,0.018,0.008,0.003,0,0,23.85,0,3,3
2026-08-31T23:50:14.120,601.001,0.018,0.007,0.003,0,0,23.85,0,3,3
2026-08-31T23:50:14.519,601.400,0.018,0.008,0.002,0,0,23.85,0,3,3
2026-08-31T23:50:15.120,602.001,0.018,0.008,0.003,0,0,23.85,0,1,0
2026-08-31T23:50:15.520,602.401,0.018,0.008,0.003,0,0,23.85,0,1,0
2026-08-31T23:50:16.120,603.000,0.018,0.008,0.003,0,0,23.84,0,2,0
2026-08-31T23:50:16.519,603.400,0.018,0.008,0.003,0,0,23.84,0,2,0
2026-08-31T23:50:17.119,604.000,0.018,0.007,0.003,0,0,23.84,0,2,0
2026-08-31T23:50:17.519,604.400,0.018,0.008,0.003,0,0,23.84,0,2,0
2026-08-31T23:50:18.120,605.001,0.915,0.523,0.07,0,14,23.82,214,2,0
2026-08-31T23:50:18.520,605.401,1.109,0.556,0.204,0,29,23.84,1242,2,0
2026-08-31T23:50:19.119,606.000,1.109,0.537,0.202,0,29,23.81,1344,2,0
2026-08-31T23:50:19.519,606.400,1.104,0.534,0.202,0,29,23.84,1350,2,0
2026-08-31T23:50:20.128,607.008,1.104,0.535,0.202,0,29,23.84,1346,2,0
2026-08-31T23:50:20.519,607.400,1.12,0.532,0.202,0,29,23.81,1348,2,0
2026-08-31T23:50:21.119,608.000,1.109,0.529,0.203,0,29,23.84,1347,2,0
2026-08-31T23:50:21.520,608.401,1.12,0.535,0.203,0,29,23.81,1349,2,0
2026-08-31T23:50:22.120,609.001,1.104,0.534,0.186,0,0,23.85,1299,3,3
2026-08-31T23:50:22.520,609.401,0.018,0.007,0.003,0,0,23.86,221,3,3
2026-08-31T23:50:23.119,610.000,0.018,0.008,0.003,0,0,23.85,62,3,3
2026-08-31T23:50:23.520,610.401,0.018,0.008,0.003,0,0,23.85,2,3,3
2026-08-31T23:50:24.120,611.001,0.018,0.008,0.003,0,0,23.85,0,3,3
2026-08-31T23:50:24.519,611.400,0.018,0.007,0.003,0,0,23.86,0,3,3
2026-08-31T23:50:25.150,612.031,0.018,0.007,0.003,0,0,23.84,0,3,3
2026-08-31T23:50:25.519,612.400,0.018,0.008,0.003,0,0,23.85,0,3,3
2026-08-31T23:50:26.120,613.001,0.018,0.008,0.003,0,0,23.84,0,3,3
2026-08-31T23:50:26.520,613.401,0.018,0.008,0.003,0,0,23.85,0,1,0
2026-08-31T23:50:27.119,614.000,0.018,0.007,0.003,0,0,23.84,0,2,0
2026-08-31T23:50:27.519,614.400,0.883,0.511,0.052,0,10,23.84,93,2,0
2026-08-31T23:50:28.120,615.001,1.109,0.542,0.198,0,29,23.84,1197,2,0
2026-08-31T23:50:28.520,615.401,1.12,0.528,0.201,0,29,23.82,1344,2,0
2026-08-31T23:50:29.119,616.000,1.109,0.535,0.202,0,29,23.84,1344,2,0
2026-08-31T23:50:29.520,616.401,1.114,0.534,0.202,0,29,23.82,1349,2,0
2026-08-31T23:50:30.120,617.001,1.109,0.532,0.202,0,29,23.82,1348,2,0
2026-08-31T23:50:30.520,617.401,1.109,0.534,0.202,0,29,23.84,1351,2,0
2026-08-31T23:50:31.119,618.000,1.093,0.524,0.063,0,0,23.85,303,3,3
2026-08-31T23:50:31.520,618.401,0.018,0.008,0.003,0,0,23.85,13,3,3
2026-08-31T23:50:32.120,619.000,0.018,0.008,0.003,0,0,23.85,0,3,3
2026-08-31T23:50:32.519,619.400,0.018,0.007,0.003,0,0,23.84,0,3,3
2026-08-31T23:50:33.119,620.000,0.018,0.008,0.003,0,0,23.85,0,3,3
2026-08-31T23:50:33.520,620.401,0.018,0.007,0.003,0,0,23.85,0,3,3
2026-08-31T23:50:34.148,621.029,0.018,0.008,0.003,0,0,23.85,0,3,3
2026-08-31T23:50:34.519,621.400,0.018,0.007,0.003,0,0,23.85,0,3,3
2026-08-31T23:50:35.119,622.000,0.024,0.007,0.002,0,0,23.86,0,3,3
2026-08-31T23:50:35.519,622.400,0.018,0.008,0.003,0,0,23.85,0,1,0
2026-08-31T23:50:36.119,623.000,0.018,0.007,0.003,0,0,23.84,0,2,0
2026-08-31T23:50:36.519,623.400,0.018,0.01,0.003,0,1,23.84,0,2,0
2026-08-31T23:50:37.119,624.000,1.082,0.563,0.186,0,29,23.82,960,2,0
2026-08-31T23:50:37.520,624.401,1.109,0.534,0.2,0,29,23.82,1335,2,0
2026-08-31T23:50:38.119,625.000,1.109,0.533,0.2,0,29,23.85,1347,2,0
2026-08-31T23:50:38.520,625.401,1.114,0.532,0.2,0,29,23.82,1351,2,0
2026-08-31T23:50:39.119,626.000,1.114,0.531,0.2,0,29,23.85,1348,2,0
2026-08-31T23:50:39.519,626.400,1.104,0.531,0.199,0,29,23.81,1351,2,0
2026-08-31T23:50:40.119,627.000,1.104,0.535,0.064,0,0,23.84,323,3,3
2026-08-31T23:50:40.519,627.400,0.018,0.008,0.003,0,0,23.85,14,3,3
2026-08-31T23:50:41.119,628.000,0.018,0.007,0.003,0,0,23.85,0,3,3
2026-08-31T23:50:41.519,628.400,0.018,0.007,0.003,0,0,23.84,0,3,3
2026-08-31T23:50:42.120,629.001,0.018,0.008,0.003,0,0,23.84,0,3,3
2026-08-31T23:50:42.519,629.400,0.018,0.008,0.002,0,0,23.84,0,3,3
2026-08-31T23:50:43.146,630.027,0.018,0.008,0.003,0,0,23.85,0,3,3
2026-08-31T23:50:43.519,630.400,0.018,0.007,0.002,0,0,23.84,0,3,3
2026-08-31T23:50:44.120,631.001,0.013,0.007,0.002,0,0,23.84,0,3,3
2026-08-31T23:50:44.519,631.400,0.018,0.007,0.003,0,0,23.85,0,1,0
2026-08-31T23:50:45.119,632.000,0.024,0.009,0.003,0,0,23.84,0,2,0
2026-08-31T23:50:45.519,632.400,0.83,0.495,0.047,0,9,23.84,55,2,0
2026-08-31T23:50:46.119,633.000,1.104,0.552,0.195,0,29,23.85,1176,2,0
2026-08-31T23:50:46.520,633.401,1.109,0.532,0.2,0,29,23.82,1343,2,0
2026-08-31T23:50:47.120,634.001,1.12,0.532,0.2,0,29,23.81,1351,2,0
2026-08-31T23:50:47.520,634.401,1.104,0.53,0.199,0,29,23.81,1351,2,0
2026-08-31T23:50:48.120,635.001,1.109,0.533,0.2,0,29,23.84,1352,2,0
2026-08-31T23:50:48.519,635.400,1.104,0.533,0.201,0,29,23.84,1350,2,0
2026-08-31T23:50:49.119,636.000,1.109,0.527,0.064,0,0,23.85,367,3,3
2026-08-31T23:50:49.520,636.400,0.018,0.008,0.003,0,0,23.85,21,3,3
2026-08-31T23:50:50.119,637.000,0.018,0.008,0.003,0,0,23.85,0,3,3
2026-08-31T23:50:50.519,637.400,0.018,0.008,0.003,0,0,23.84,0,3,3
2026-08-31T23:50:51.120,638.001,0.018,0.007,0.003,0,0,23.84,0,3,3
2026-08-31T23:50:51.519,638.400,0.018,0.008,0.003,0,0,23.85,0,3,3
2026-08-31T23:50:52.144,639.025,0.018,0.007,0.003,0,0,23.85,0,3,3
2026-08-31T23:50:52.520,639.401,0.018,0.008,0.003,0,0,23.85,0,3,3
2026-08-31T23:50:53.119,640.000,0.018,0.007,0.003,0,0,23.85,0,3,3
2026-08-31T23:50:53.519,640.400,0.018,0.008,0.003,0,0,23.85,0,3,3
2026-08-31T23:50:54.120,641.001,0.018,0.008,0.003,0,0,23.85,0,1,0
2026-08-31T23:50:54.519,641.400,0.024,0.007,0.003,0,0,23.85,0,1,0
2026-08-31T23:50:55.119,642.000,0.239,0.235,0.01,0,3,23.84,0,2,0
2026-08-31T23:50:55.520,642.401,1.093,0.555,0.196,0,29,23.84,1042,2,0
2026-08-31T23:50:56.119,643.000,1.114,0.535,0.203,0,29,23.82,1335,2,0
2026-08-31T23:50:56.519,643.400,1.109,0.536,0.202,0,29,23.81,1348,2,0
2026-08-31T23:50:57.124,644.005,1.114,0.536,0.203,0,29,23.85,1349,2,0
2026-08-31T23:50:57.519,644.400,1.109,0.533,0.203,0,29,23.81,1349,2,0
2026-08-31T23:50:58.120,645.001,1.114,0.532,0.203,0,29,23.84,1348,2,0
2026-08-31T23:50:58.520,645.401,1.109,0.53,0.044,0,0,23.85,327,3,3
2026-08-31T23:50:59.120,646.001,0.013,0.007,0.003,0,0,23.85,192,3,3
2026-08-31T23:50:59.519,646.400,0.018,0.009,0.003,0,0,23.85,23,3,3
2026-08-31T23:51:00.119,647.000,0.018,0.008,0.003,0,0,23.85,1,3,3
2026-08-31T23:51:00.519,647.400,0.018,0.008,0.003,0,0,23.85,0,3,3
2026-08-31T23:51:01.119,648.000,0.018,0.007,0.003,0,0,23.84,0,3,3
2026-08-31T23:51:01.520,648.401,0.018,0.008,0.003,0,0,23.85,0,3,3
2026-08-31T23:51:02.120,649.001,0.018,0.008,0.003,0,0,23.85,0,3,3
2026-08-31T23:51:02.519,649.400,0.018,0.008,0.003,0,0,23.85,0,3,3
2026-08-31T23:51:03.119,650.000,0.018,0.007,0.003,0,0,23.85,0,1,0
2026-08-31T23:51:03.520,650.401,0.018,0.007,0.003,0,0,23.85,0,1,0
2026-08-31T23:51:04.120,651.001,0.169,0.167,0.006,0,3,23.84,0,2,0
2026-08-31T23:51:04.520,651.401,1.087,0.546,0.197,0,29,23.82,1021,2,0
2026-08-31T23:51:05.120,652.000,1.109,0.532,0.204,0,29,23.84,1334,2,0
2026-08-31T23:51:05.519,652.400,1.109,0.532,0.205,0,29,23.81,1345,2,0
2026-08-31T23:51:06.123,653.004,1.114,0.539,0.205,0,29,23.85,1348,2,0
2026-08-31T23:51:06.524,653.405,1.109,0.539,0.205,0,29,23.81,1347,2,0
2026-08-31T23:51:07.119,654.000,1.093,0.528,0.204,0,29,23.84,1348,2,0
2026-08-31T23:51:07.520,654.400,1.077,0.523,0.024,0,0,23.85,144,3,3
2026-08-31T23:51:08.120,655.001,0.018,0.007,0.003,0,0,23.85,6,3,3
2026-08-31T23:51:08.520,655.401,0.018,0.008,0.003,0,0,23.85,0,3,3
2026-08-31T23:51:09.119,656.000,0.018,0.007,0.003,0,0,23.85,0,3,3
2026-08-31T23:51:09.519,656.400,0.018,0.007,0.003,0,0,23.85,0,3,3
2026-08-31T23:51:10.119,657.000,0.013,0.007,0.003,0,0,23.86,0,3,3
2026-08-31T23:51:10.519,657.400,0.018,0.007,0.003,0,0,23.85,0,3,3
2026-08-31T23:51:11.120,658.001,0.018,0.007,0.003,0,0,23.85,0,3,3
2026-08-31T23:51:11.519,658.400,0.013,0.008,0.003,0,0,23.85,0,3,3
2026-08-31T23:51:12.119,659.000,0.018,0.008,0.003,0,0,23.85,0,3,3
2026-08-31T23:51:12.519,659.400,0.018,0.008,0.003,0,0,23.85,0,3,3
2026-08-31T23:51:13.120,660.001,0.018,0.008,0.003,0,0,23.85,0,1,0
2026-08-31T23:51:13.519,660.400,0.024,0.008,0.003,0,0,23.85,0,1,0
2026-08-31T23:51:14.119,661.000,0.013,0.007,0.003,0,0,23.84,0,2,0
2026-08-31T23:51:14.520,661.401,0.013,0.007,0.003,0,0,23.84,0,2,0
2026-08-31T23:51:15.119,662.000,0.937,0.59,0.092,0,17,23.84,335,2,0
2026-08-31T23:51:15.519,662.400,1.104,0.538,0.206,0,29,23.79,1270,2,0
2026-08-31T23:51:16.120,663.001,1.109,0.535,0.205,0,29,23.84,1344,2,0
2026-08-31T23:51:16.520,663.400,1.104,0.538,0.204,0,29,23.79,1346,2,0
2026-08-31T23:51:17.126,664.007,1.104,0.54,0.205,0,29,23.82,1348,2,0
2026-08-31T23:51:17.519,664.400,1.109,0.535,0.204,0,29,23.84,1344,2,0
2026-08-31T23:51:18.119,665.000,1.104,0.536,0.205,0,29,23.82,1348,2,0
2026-08-31T23:51:18.519,665.400,1.071,0.525,0.028,0,0,23.86,170,3,3
2026-08-31T23:51:19.119,666.000,0.018,0.008,0.003,0,0,23.85,7,3,3
2026-08-31T23:51:19.520,666.401,0.018,0.007,0.003,0,0,23.85,0,3,3
2026-08-31T23:51:20.119,667.000,0.013,0.008,0.003,0,0,23.85,0,3,3
2026-08-31T23:51:20.520,667.401,0.018,0.008,0.003,0,0,23.85,0,3,3
2026-08-31T23:51:21.119,668.000,0.024,0.008,0.003,0,0,23.85,0,3,3
2026-08-31T23:51:21.519,668.400,0.018,0.007,0.003,0,0,23.85,0,3,3
2026-08-31T23:51:22.120,669.001,0.013,0.007,0.003,0,0,23.85,0,3,3
2026-08-31T23:51:22.522,669.403,0.013,0.007,0.003,0,0,23.85,0,3,3
2026-08-31T23:51:23.120,670.001,0.013,0.008,0.003,0,0,23.85,0,1,0
2026-08-31T23:51:23.519,670.400,0.018,0.008,0.003,0,0,23.85,0,1,0
2026-08-31T23:51:24.119,671.000,0.749,0.32,0.032,0,6,23.85,0,2,0
2026-08-31T23:51:24.519,671.400,1.087,0.552,0.194,0,29,23.84,1115,2,0
2026-08-31T23:51:25.120,672.001,1.109,0.539,0.205,0,29,23.81,1337,2,0
2026-08-31T23:51:25.519,672.400,1.109,0.538,0.204,0,29,23.82,1339,2,0
2026-08-31T23:51:26.126,673.007,1.109,0.537,0.204,0,29,23.81,1348,2,0
2026-08-31T23:51:26.519,673.400,1.109,0.538,0.205,0,29,23.82,1346,2,0
2026-08-31T23:51:27.119,674.000,1.104,0.536,0.204,0,29,23.84,1348,2,0
2026-08-31T23:51:27.519,674.400,1.082,0.523,0.025,0,0,23.85,201,3,3
2026-08-31T23:51:28.119,675.000,0.018,0.008,0.003,0,0,23.85,8,3,3
2026-08-31T23:51:28.519,675.400,0.018,0.008,0.003,0,0,23.85,0,3,3
2026-08-31T23:51:29.119,676.000,0.013,0.007,0.003,0,0,23.85,0,3,3
2026-08-31T23:51:29.519,676.400,0.018,0.007,0.003,0,0,23.85,0,3,3
2026-08-31T23:51:30.120,677.001,0.018,0.008,0.003,0,0,23.85,0,3,3
2026-08-31T23:51:30.519,677.400,0.018,0.007,0.003,0,0,23.85,0,3,3
2026-08-31T23:51:31.120,678.001,0.018,0.008,0.003,0,0,23.86,0,3,3
2026-08-31T23:51:31.519,678.400,0.018,0.008,0.003,0,0,23.85,0,3,3
2026-08-31T23:51:32.120,679.001,0.018,0.007,0.003,0,0,23.84,0,1,0
2026-08-31T23:51:32.520,679.401,0.018,0.007,0.003,0,0,23.84,0,1,0
2026-08-31T23:51:33.120,680.001,0.846,0.497,0.042,0,8,23.82,40,2,0
2026-08-31T23:51:33.519,680.400,1.093,0.555,0.196,0,29,23.84,1158,2,0
2026-08-31T23:51:34.120,681.001,1.098,0.537,0.205,0,29,23.82,1338,2,0
2026-08-31T23:51:34.519,681.400,1.109,0.533,0.204,0,29,23.84,1337,2,0
2026-08-31T23:51:35.126,682.007,1.104,0.536,0.204,0,29,23.81,1347,2,0
2026-08-31T23:51:35.519,682.400,1.104,0.539,0.204,0,29,23.84,1344,2,0
2026-08-31T23:51:36.119,683.000,1.109,0.538,0.205,0,29,23.81,1347,2,0
2026-08-31T23:51:36.519,683.400,1.087,0.522,0.066,0,0,23.85,366,3,3
2026-08-31T23:51:37.120,684.001,0.018,0.008,0.003,0,0,23.85,15,3,3
2026-08-31T23:51:37.519,684.400,0.018,0.007,0.003,0,0,23.84,0,3,3
2026-08-31T23:51:38.120,685.001,0.018,0.007,0.003,0,0,23.85,0,3,3
2026-08-31T23:51:38.519,685.400,0.018,0.008,0.003,0,0,23.85,0,3,3
2026-08-31T23:51:39.120,686.001,0.018,0.008,0.003,0,0,23.84,0,3,3
2026-08-31T23:51:39.519,686.400,0.018,0.009,0.003,0,0,23.86,0,3,3
2026-08-31T23:51:40.119,687.000,0.018,0.007,0.003,0,0,23.84,0,3,3
2026-08-31T23:51:40.519,687.400,0.018,0.007,0.003,0,0,23.84,0,3,3
2026-08-31T23:51:41.119,688.000,0.018,0.008,0.003,0,0,23.84,0,1,0
2026-08-31T23:51:41.520,688.401,0.018,0.007,0.003,0,0,23.85,0,1,0
2026-08-31T23:51:42.119,689.000,0.787,0.557,0.036,0,7,23.84,8,2,0
2026-08-31T23:51:42.519,689.400,1.087,0.541,0.194,0,29,23.82,1128,2,0
2026-08-31T23:51:43.119,690.000,1.109,0.539,0.205,0,29,23.84,1337,2,0
2026-08-31T23:51:43.519,690.400,1.109,0.535,0.205,0,29,23.82,1347,2,0
2026-08-31T23:51:44.130,691.011,1.104,0.539,0.206,0,29,23.82,1346,2,0
2026-08-31T23:51:44.519,691.400,1.104,0.534,0.205,0,29,23.84,1347,2,0
2026-08-31T23:51:45.120,692.001,1.104,0.533,0.205,0,29,23.81,1347,2,0
2026-08-31T23:51:45.519,692.400,1.082,0.522,0.027,0,0,23.85,266,3,3
2026-08-31T23:51:46.120,693.001,0.018,0.008,0.003,0,0,23.85,15,3,3
2026-08-31T23:51:46.519,693.400,0.018,0.007,0.003,0,0,23.85,0,3,3
2026-08-31T23:51:47.120,694.001,0.018,0.007,0.003,0,0,23.85,0,3,3
2026-08-31T23:51:47.519,694.400,0.018,0.009,0.003,0,0,23.85,0,3,3
2026-08-31T23:51:48.119,695.000,0.018,0.007,0.003,0,0,23.84,0,3,3
2026-08-31T23:51:48.519,695.400,0.018,0.007,0.003,0,0,23.84,0,3,3
2026-08-31T23:51:49.119,696.000,0.018,0.008,0.003,0,0,23.85,0,3,3
2026-08-31T23:51:49.519,696.400,0.018,0.007,0.003,0,0,23.84,0,3,3
2026-08-31T23:51:50.119,697.000,0.018,0.008,0.003,0,0,23.85,0,1,0
2026-08-31T23:51:50.520,697.401,0.018,0.007,0.004,0,0,23.85,0,1,0
2026-08-31T23:51:51.120,698.001,0.067,0.058,0.004,0,2,23.84,0,2,0
2026-08-31T23:51:51.520,698.401,1.098,0.657,0.198,0,29,23.81,995,2,0
2026-08-31T23:51:52.120,699.001,1.104,0.538,0.205,0,29,23.84,1332,2,0
2026-08-31T23:51:52.520,699.401,1.109,0.538,0.205,0,29,23.84,1347,2,0
2026-08-31T23:51:53.132,700.013,1.109,0.537,0.206,0,29,23.81,1346,2,0
2026-08-31T23:51:53.519,700.400,1.114,0.537,0.206,0,29,23.84,1347,2,0
2026-08-31T23:51:54.119,701.000,1.109,0.538,0.205,0,29,23.82,1346,2,0
2026-08-31T23:51:54.520,701.401,1.109,0.538,0.064,0,0,23.86,407,3,3
2026-08-31T23:51:55.119,702.000,0.018,0.007,0.003,0,0,23.85,34,3,3
2026-08-31T23:51:55.520,702.401,0.018,0.007,0.003,0,0,23.86,1,3,3
2026-08-31T23:51:56.120,703.001,0.013,0.008,0.003,0,0,23.85,0,3,3
2026-08-31T23:51:56.519,703.400,0.018,0.007,0.003,0,0,23.84,0,3,3
2026-08-31T23:51:57.120,704.001,0.024,0.009,0.003,0,0,23.85,0,3,3
2026-08-31T23:51:57.519,704.400,0.018,0.008,0.003,0,0,23.84,0,3,3
2026-08-31T23:51:58.119,705.000,0.018,0.007,0.003,0,0,23.85,0,3,3
2026-08-31T23:51:58.519,705.400,0.018,0.008,0.003,0,0,23.85,0,3,3
2026-08-31T23:51:59.119,706.000,0.018,0.007,0.003,0,0,23.84,0,1,0
2026-08-31T23:51:59.519,706.400,0.018,0.008,0.003,0,0,23.85,0,1,0
2026-08-31T23:52:00.120,707.001,0.824,0.592,0.041,0,8,23.82,34,2,0
2026-08-31T23:52:00.520,707.401,1.104,0.552,0.196,0,29,23.84,1153,2,0
2026-08-31T23:52:01.119,708.000,1.104,0.539,0.205,0,29,23.82,1338,2,0
2026-08-31T23:52:01.519,708.400,1.109,0.536,0.205,0,29,23.82,1347,2,0
2026-08-31T23:52:02.129,709.010,1.114,0.533,0.205,0,29,23.84,1345,2,0
2026-08-31T23:52:02.519,709.400,1.109,0.535,0.205,0,29,23.81,1347,2,0
2026-08-31T23:52:03.120,710.001,1.093,0.52,0.205,0,29,23.82,1346,2,0
2026-08-31T23:52:03.520,710.401,1.098,0.539,0.023,0,0,23.85,327,3,3
2026-08-31T23:52:04.119,711.000,0.018,0.007,0.003,0,0,23.84,49,3,3
2026-08-31T23:52:04.519,711.400,0.018,0.008,0.003,0,0,23.84,2,3,3
2026-08-31T23:52:05.120,712.001,0.018,0.007,0.003,0,0,23.85,0,3,3
2026-08-31T23:52:05.519,712.400,0.018,0.007,0.003,0,0,23.85,0,3,3
2026-08-31T23:52:06.119,713.000,0.018,0.007,0.003,0,0,23.85,0,3,3
2026-08-31T23:52:06.519,713.400,0.018,0.008,0.003,0,0,23.84,0,3,3
2026-08-31T23:52:07.120,714.001,0.018,0.007,0.003,0,0,23.85,0,3,3
2026-08-31T23:52:07.519,714.400,0.018,0.007,0.003,0,0,23.85,0,3,3
2026-08-31T23:52:08.119,715.000,0.018,0.008,0.003,0,0,23.85,0,1,0
2026-08-31T23:52:08.519,715.400,0.018,0.007,0.003,0,0,23.85,0,1,0
2026-08-31T23:52:09.119,716.000,0.856,0.611,0.038,0,7,23.84,9,2,0
2026-08-31T23:52:09.520,716.401,1.104,0.56,0.195,0,29,23.85,1130,2,0
2026-08-31T23:52:10.120,717.001,1.104,0.537,0.205,0,29,23.82,1335,2,0
2026-08-31T23:52:10.519,717.400,1.104,0.538,0.206,0,29,23.82,1346,2,0
2026-08-31T23:52:11.129,718.010,1.109,0.53,0.206,0,29,23.84,1344,2,0
2026-08-31T23:52:11.532,718.413,1.098,0.54,0.205,0,29,23.82,1347,2,0
2026-08-31T23:52:12.119,719.000,1.104,0.539,0.205,0,29,23.84,1346,2,0
2026-08-31T23:52:12.520,719.401,1.109,0.535,0.024,0,0,23.84,264,3,3
2026-08-31T23:52:13.120,720.001,0.018,0.007,0.003,0,0,23.86,55,3,3
2026-08-31T23:52:13.519,720.400,0.018,0.007,0.003,0,0,23.85,2,3,3
2026-08-31T23:52:14.120,721.001,0.018,0.007,0.002,0,0,23.85,0,3,3
2026-08-31T23:52:14.519,721.400,0.018,0.008,0.002,0,0,23.85,0,3,3
2026-08-31T23:52:15.120,722.001,0.018,0.008,0.002,0,0,23.84,0,3,3
2026-08-31T23:52:15.519,722.400,0.018,0.008,0.002,0,0,23.84,0,3,3
2026-08-31T23:52:16.119,723.000,0.018,0.007,0.002,0,0,23.85,0,3,3
2026-08-31T23:52:16.519,723.400,0.018,0.007,0.002,0,0,23.84,0,3,3
2026-08-31T23:52:17.120,724.001,0.018,0.007,0.003,0,0,23.85,0,1,0
2026-08-31T23:52:17.519,724.400,0.018,0.007,0.003,0,0,23.85,0,1,0
2026-08-31T23:52:18.120,725.001,0.217,0.213,0.009,0,3,23.84,0,2,0
2026-08-31T23:52:18.519,725.400,1.104,0.562,0.196,0,29,23.84,1036,2,0
2026-08-31T23:52:19.120,726.001,1.109,0.538,0.205,0,29,23.82,1328,2,0
2026-08-31T23:52:19.520,726.401,1.109,0.532,0.205,0,29,23.84,1346,2,0
2026-08-31T23:52:20.123,727.004,1.109,0.533,0.205,0,29,23.81,1343,2,0
2026-08-31T23:52:20.519,727.400,1.093,0.522,0.205,0,29,23.82,1346,2,0
2026-08-31T23:52:21.119,728.000,1.109,0.539,0.205,0,29,23.85,1345,2,0
2026-08-31T23:52:21.519,728.400,1.098,0.537,0.064,0,0,23.85,342,3,3
2026-08-31T23:52:22.119,729.000,0.018,0.009,0.003,0,0,23.85,83,3,3
2026-08-31T23:52:22.519,729.400,0.018,0.007,0.003,0,0,23.85,3,3,3
2026-08-31T23:52:23.120,730.001,0.018,0.007,0.002,0,0,23.85,0,3,3
2026-08-31T23:52:23.519,730.400,0.018,0.007,0.002,0,0,23.85,0,3,3
2026-08-31T23:52:24.120,731.001,0.018,0.007,0.002,0,0,23.84,0,3,3
2026-08-31T23:52:24.520,731.401,0.018,0.007,0.003,0,0,23.84,0,3,3
2026-08-31T23:52:25.119,732.000,0.018,0.008,0.003,0,0,23.85,0,3,3
2026-08-31T23:52:25.519,732.400,0.018,0.007,0.003,0,0,23.85,0,3,3
2026-08-31T23:52:26.119,733.000,0.018,0.008,0.003,0,0,23.85,0,1,0
2026-08-31T23:52:26.519,733.400,0.018,0.008,0.003,0,0,23.85,0,1,0
2026-08-31T23:52:27.120,734.001,0.803,0.452,0.037,0,7,23.85,23,2,0
2026-08-31T23:52:27.519,734.400,1.109,0.549,0.196,0,29,23.82,1145,2,0
2026-08-31T23:52:28.120,735.001,1.109,0.533,0.205,0,29,23.84,1330,2,0
2026-08-31T23:52:28.519,735.400,1.109,0.539,0.206,0,29,23.82,1347,2,0
2026-08-31T23:52:29.125,736.006,1.104,0.536,0.205,0,29,23.84,1341,2,0
2026-08-31T23:52:29.520,736.401,1.109,0.536,0.205,0,29,23.82,1347,2,0
2026-08-31T23:52:30.119,737.000,1.109,0.533,0.206,0,29,23.82,1344,2,0
2026-08-31T23:52:30.520,737.401,1.077,0.523,0.023,0,0,23.85,282,3,3
2026-08-31T23:52:31.119,738.000,0.018,0.008,0.003,0,0,23.85,166,3,3
2026-08-31T23:52:31.519,738.400,0.018,0.008,0.003,0,0,23.84,7,3,3
2026-08-31T23:52:32.119,739.000,0.018,0.008,0.003,0,0,23.85,0,3,3
2026-08-31T23:52:32.519,739.400,0.018,0.008,0.003,0,0,23.85,0,3,3
2026-08-31T23:52:33.119,740.000,0.018,0.007,0.003,0,0,23.85,0,3,3
2026-08-31T23:52:33.519,740.400,0.018,0.007,0.003,0,0,23.85,0,3,3
2026-08-31T23:52:34.119,741.000,0.018,0.009,0.003,0,0,23.84,0,3,3
2026-08-31T23:52:34.519,741.400,0.018,0.007,0.002,0,0,23.85,0,3,3
2026-08-31T23:52:35.120,742.001,0.018,0.007,0.003,0,0,23.84,0,1,0
2026-08-31T23:52:35.519,742.400,0.024,0.007,0.003,0,0,23.85,0,1,0
2026-08-31T23:52:36.119,743.000,0.303,0.296,0.025,0,5,23.84,0,2,0
2026-08-31T23:52:36.520,743.400,1.087,0.557,0.192,0,29,23.81,1090,2,0
2026-08-31T23:52:37.119,744.000,1.109,0.537,0.205,0,29,23.84,1336,2,0
2026-08-31T23:52:37.519,744.400,1.114,0.533,0.204,0,29,23.84,1347,2,0
2026-08-31T23:52:38.131,745.012,1.109,0.534,0.205,0,29,23.82,1347,2,0
2026-08-31T23:52:38.520,745.401,1.109,0.537,0.204,0,29,23.84,1348,2,0
2026-08-31T23:52:39.120,746.001,1.109,0.537,0.205,0,29,23.82,1347,2,0
2026-08-31T23:52:39.519,746.400,1.087,0.528,0.063,0,0,23.86,412,3,3
2026-08-31T23:52:40.119,747.000,0.018,0.007,0.003,0,0,23.85,241,3,3
2026-08-31T23:52:40.519,747.400,0.018,0.008,0.003,0,0,23.85,15,3,3
2026-08-31T23:52:41.119,748.000,0.018,0.007,0.002,0,0,23.85,0,3,3
2026-08-31T23:52:41.519,748.400,0.018,0.007,0.002,0,0,23.85,0,3,3
2026-08-31T23:52:42.120,749.001,0.018,0.007,0.002,0,0,23.85,0,3,3
2026-08-31T23:52:42.520,749.401,0.018,0.008,0.002,0,0,23.85,0,3,3
2026-08-31T23:52:43.119,750.000,0.018,0.007,0.002,0,0,23.86,0,3,3
2026-08-31T23:52:43.520,750.401,0.018,0.007,0.002,0,0,23.85,0,3,3
2026-08-31T23:52:44.120,751.001,0.018,0.008,0.003,0,0,23.85,0,1,0
2026-08-31T23:52:44.520,751.401,0.018,0.008,0.003,0,0,23.85,0,1,0
2026-08-31T23:52:45.120,752.001,0.862,0.611,0.013,0,4,23.84,0,2,0
2026-08-31T23:52:45.519,752.400,1.077,0.538,0.199,0,29,23.81,1049,2,0
2026-08-31T23:52:46.120,753.001,1.104,0.533,0.205,0,29,23.84,1334,2,0
2026-08-31T23:52:46.519,753.400,1.104,0.541,0.204,0,29,23.82,1347,2,0
2026-08-31T23:52:47.125,754.006,1.109,0.535,0.205,0,29,23.82,1347,2,0
2026-08-31T23:52:47.519,754.400,1.109,0.539,0.204,0,29,23.82,1347,2,0
2026-08-31T23:52:48.119,755.000,1.098,0.54,0.204,0,29,23.81,1348,2,0
2026-08-31T23:52:48.520,755.401,1.087,0.524,0.065,0,0,23.85,405,3,3
2026-08-31T23:52:49.120,756.001,0.018,0.007,0.003,0,0,23.85,228,3,3
2026-08-31T23:52:49.519,756.400,0.018,0.007,0.003,0,0,23.85,23,3,3
2026-08-31T23:52:50.119,757.000,0.018,0.008,0.003,0,0,23.85,1,3,3
2026-08-31T23:52:50.520,757.401,0.018,0.008,0.003,0,0,23.84,0,3,3
2026-08-31T23:52:51.119,758.000,0.018,0.007,0.003,0,0,23.84,0,3,3
2026-08-31T23:52:51.519,758.400,0.018,0.007,0.003,0,0,23.86,0,3,3
2026-08-31T23:52:52.120,759.001,0.018,0.008,0.003,0,0,23.85,0,3,3
2026-08-31T23:52:52.519,759.400,0.018,0.008,0.003,0,0,23.84,0,3,3
2026-08-31T23:52:53.120,760.001,0.018,0.008,0.003,0,0,23.85,0,1,0
2026-08-31T23:52:53.519,760.400,0.018,0.007,0.003,0,0,23.85,0,1,0
2026-08-31T23:52:54.120,761.001,0.813,0.473,0.038,0,8,23.84,46,2,0
2026-08-31T23:52:54.519,761.400,1.098,0.546,0.197,0,29,23.82,1160,2,0
2026-08-31T23:52:55.119,762.000,1.098,0.536,0.204,0,29,23.82,1340,2,0
2026-08-31T23:52:55.520,762.401,1.109,0.537,0.205,0,29,23.84,1346,2,0
2026-08-31T23:52:56.125,763.006,1.104,0.539,0.204,0,29,23.84,1348,2,0
2026-08-31T23:52:56.519,763.400,1.109,0.538,0.205,0,29,23.82,1348,2,0
2026-08-31T23:52:57.119,764.000,1.104,0.533,0.204,0,29,23.85,1349,2,0
2026-08-31T23:52:57.519,764.400,1.114,0.532,0.064,0,0,23.85,348,3,3
2026-08-31T23:52:58.119,765.000,0.018,0.008,0.003,0,0,23.85,152,3,3
2026-08-31T23:52:58.519,765.400,0.018,0.008,0.003,0,0,23.85,26,3,3
2026-08-31T23:52:59.120,766.001,0.018,0.007,0.003,0,0,23.85,1,3,3
2026-08-31T23:52:59.520,766.401,0.018,0.007,0.003,0,0,23.85,0,3,3
2026-08-31T23:53:00.119,767.000,0.013,0.007,0.003,0,0,23.85,0,3,3
2026-08-31T23:53:00.520,767.401,0.018,0.007,0.003,0,0,23.84,0,3,3
2026-08-31T23:53:01.120,768.001,0.018,0.007,0.003,0,0,23.85,0,3,3
2026-08-31T23:53:01.519,768.400,0.018,0.007,0.003,0,0,23.84,0,3,3
2026-08-31T23:53:02.120,769.001,0.018,0.007,0.003,0,0,23.85,0,1,0
2026-08-31T23:53:02.519,769.400,0.018,0.008,0.003,0,0,23.85,0,1,0
2026-08-31T23:53:03.119,770.000,0.722,0.476,0.022,0,5,23.84,0,2,0
2026-08-31T23:53:03.519,770.400,1.077,0.562,0.194,0,29,23.82,1075,2,0
2026-08-31T23:53:04.120,771.001,1.109,0.534,0.205,0,29,23.85,1336,2,0
2026-08-31T23:53:04.520,771.401,1.093,0.53,0.205,0,29,23.81,1347,2,0
2026-08-31T23:53:05.126,772.007,1.109,0.543,0.205,0,29,23.82,1347,2,0
2026-08-31T23:53:05.519,772.400,1.093,0.53,0.204,0,29,23.82,1345,2,0
2026-08-31T23:53:06.119,773.000,1.109,0.535,0.205,0,29,23.82,1347,2,0
2026-08-31T23:53:06.519,773.400,1.093,0.529,0.024,0,0,23.84,156,3,3
2026-08-31T23:53:07.121,774.002,0.018,0.007,0.003,0,0,23.84,6,3,3
2026-08-31T23:53:07.520,774.401,0.018,0.008,0.003,0,0,23.84,0,3,3
2026-08-31T23:53:08.119,775.000,0.018,0.007,0.003,0,0,23.85,0,3,3
2026-08-31T23:53:08.519,775.400,0.018,0.008,0.003,0,0,23.86,0,3,3
2026-08-31T23:53:09.120,776.001,0.018,0.008,0.003,0,0,23.84,0,3,3
2026-08-31T23:53:09.519,776.400,0.018,0.007,0.002,0,0,23.85,0,3,3
2026-08-31T23:53:10.119,777.000,0.024,0.009,0.003,0,0,23.85,0,3,3
2026-08-31T23:53:10.519,777.400,0.018,0.007,0.003,0,0,23.85,0,3,3
2026-08-31T23:53:11.120,778.000,0.018,0.007,0.003,0,0,23.84,0,1,0
2026-08-31T23:53:11.519,778.400,0.018,0.007,0.003,0,0,23.84,0,1,0
2026-08-31T23:53:12.120,779.001,0.878,0.626,0.047,0,8,23.85,50,2,0
2026-08-31T23:53:12.519,779.400,1.098,0.548,0.198,0,29,23.84,1164,2,0
2026-08-31T23:53:13.120,780.001,1.104,0.532,0.205,0,29,23.82,1340,2,0
2026-08-31T23:53:13.519,780.400,1.109,0.535,0.204,0,29,23.84,1347,2,0
2026-08-31T23:53:14.125,781.006,1.109,0.536,0.204,0,29,23.81,1348,2,0
2026-08-31T23:53:14.525,781.406,1.109,0.539,0.205,0,29,23.85,1345,2,0
2026-08-31T23:53:15.119,782.000,1.104,0.537,0.204,0,29,23.81,1348,2,0
2026-08-31T23:53:15.519,782.400,1.104,0.533,0.022,0,0,23.85,172,3,3
2026-08-31T23:53:16.119,783.000,0.018,0.007,0.003,0,0,23.85,7,3,3
2026-08-31T23:53:16.519,783.400,0.018,0.008,0.003,0,0,23.85,0,3,3
2026-08-31T23:53:17.120,784.001,0.018,0.007,0.003,0,0,23.85,0,3,3
2026-08-31T23:53:17.519,784.400,0.018,0.007,0.003,0,0,23.85,0,3,3
2026-08-31T23:53:18.120,785.001,0.013,0.007,0.003,0,0,23.85,0,3,3
2026-08-31T23:53:18.519,785.400,0.018,0.007,0.003,0,0,23.85,0,3,3
2026-08-31T23:53:19.119,786.000,0.018,0.007,0.003,0,0,23.85,0,3,3
2026-08-31T23:53:19.519,786.400,0.018,0.007,0.003,0,0,23.85,0,3,3
2026-08-31T23:53:20.120,787.001,0.018,0.007,0.003,0,0,23.85,0,1,0
2026-08-31T23:53:20.520,787.401,0.018,0.008,0.003,0,0,23.86,0,1,0
2026-08-31T23:53:21.119,788.000,0.346,0.344,0.026,0,5,23.84,0,2,0
2026-08-31T23:53:21.520,788.401,1.093,0.55,0.193,0,29,23.82,1078,2,0
2026-08-31T23:53:22.120,789.001,1.109,0.541,0.204,0,29,23.84,1336,2,0
2026-08-31T23:53:22.519,789.400,1.109,0.535,0.204,0,29,23.82,1343,2,0
2026-08-31T23:53:23.125,790.005,1.109,0.535,0.204,0,29,23.85,1348,2,0
2026-08-31T23:53:23.519,790.400,1.104,0.533,0.204,0,29,23.81,1340,2,0
2026-08-31T23:53:24.120,791.001,1.109,0.531,0.204,0,29,23.84,1348,2,0
2026-08-31T23:53:24.519,791.400,1.109,0.534,0.025,0,0,23.85,283,3,3
2026-08-31T23:53:25.120,792.001,0.018,0.008,0.003,0,0,23.84,12,3,3
2026-08-31T23:53:25.519,792.400,0.018,0.007,0.003,0,0,23.85,0,3,3
2026-08-31T23:53:26.119,793.000,0.018,0.007,0.003,0,0,23.85,0,3,3
2026-08-31T23:53:26.519,793.400,0.018,0.008,0.003,0,0,23.84,0,3,3
2026-08-31T23:53:27.119,794.000,0.018,0.007,0.003,0,0,23.85,0,3,3
2026-08-31T23:53:27.520,794.400,0.018,0.007,0.003,0,0,23.85,0,3,3
2026-08-31T23:53:28.119,795.000,0.018,0.008,0.003,0,0,23.85,0,3,3
2026-08-31T23:53:28.519,795.400,0.018,0.007,0.003,0,0,23.85,0,3,3
2026-08-31T23:53:29.120,796.001,0.018,0.008,0.003,0,0,23.84,0,1,0
2026-08-31T23:53:29.519,796.400,0.018,0.007,0.003,0,0,23.85,0,1,0
2026-08-31T23:53:30.119,797.000,0.018,0.01,0.003,0,1,23.84,0,2,0
2026-08-31T23:53:30.520,797.401,1.077,0.544,0.18,0,29,23.82,943,2,0
2026-08-31T23:53:31.119,798.000,1.104,0.535,0.204,0,29,23.86,1331,2,0
2026-08-31T23:53:31.519,798.400,1.104,0.539,0.204,0,29,23.85,1348,2,0
2026-08-31T23:53:32.124,799.005,1.114,0.532,0.204,0,29,23.81,1348,2,0
2026-08-31T23:53:32.519,799.400,1.109,0.532,0.204,0,29,23.84,1348,2,0
2026-08-31T23:53:33.120,800.001,1.109,0.54,0.204,0,29,23.81,1348,2,0
2026-08-31T23:53:33.520,800.401,1.104,0.532,0.104,0,0,23.84,535,3,3
2026-08-31T23:53:34.120,801.001,0.018,0.008,0.003,0,0,23.85,25,3,3
2026-08-31T23:53:34.519,801.400,0.018,0.008,0.003,0,0,23.85,1,3,3
2026-08-31T23:53:35.119,802.000,0.018,0.007,0.003,0,0,23.85,0,3,3
2026-08-31T23:53:35.519,802.400,0.018,0.007,0.003,0,0,23.85,0,3,3
2026-08-31T23:53:36.119,803.000,0.018,0.008,0.003,0,0,23.84,0,3,3
2026-08-31T23:53:36.519,803.400,0.018,0.007,0.003,0,0,23.85,0,3,3
2026-08-31T23:53:37.122,804.003,0.018,0.008,0.003,0,0,23.85,0,3,3
2026-08-31T23:53:37.519,804.400,0.018,0.009,0.003,0,0,23.85,0,3,3
2026-08-31T23:53:38.119,805.000,0.018,0.008,0.003,0,0,23.84,0,1,0
2026-08-31T23:53:38.519,805.400,0.018,0.007,0.003,0,0,23.85,0,1,0
2026-08-31T23:53:39.120,806.001,0.19,0.185,0.008,0,3,23.84,0,2,0
2026-08-31T23:53:39.519,806.400,1.087,0.551,0.196,0,29,23.82,1029,2,0
2026-08-31T23:53:40.119,807.000,1.104,0.534,0.204,0,29,23.84,1333,2,0
2026-08-31T23:53:40.519,807.400,1.109,0.536,0.204,0,29,23.82,1348,2,0
2026-08-31T23:53:41.123,808.004,1.109,0.531,0.204,0,29,23.84,1348,2,0
2026-08-31T23:53:41.519,808.400,1.104,0.536,0.204,0,29,23.82,1349,2,0
2026-08-31T23:53:42.119,809.000,1.109,0.534,0.203,0,29,23.84,1349,2,0
2026-08-31T23:53:42.519,809.400,1.104,0.536,0.085,0,0,23.85,441,3,3
2026-08-31T23:53:43.119,810.000,0.018,0.008,0.003,0,0,23.85,28,3,3
2026-08-31T23:53:43.519,810.400,0.018,0.007,0.003,0,0,23.85,1,3,3
2026-08-31T23:53:44.119,811.000,0.018,0.008,0.003,0,0,23.85,0,3,3
2026-08-31T23:53:44.519,811.400,0.018,0.008,0.003,0,0,23.85,0,3,3
2026-08-31T23:53:45.119,812.000,0.018,0.007,0.003,0,0,23.85,0,3,3
2026-08-31T23:53:45.519,812.400,0.018,0.008,0.003,0,0,23.86,0,3,3
2026-08-31T23:53:46.119,813.000,0.018,0.008,0.003,0,0,23.85,0,3,3
2026-08-31T23:53:46.519,813.400,0.018,0.007,0.003,0,0,23.85,0,3,3
2026-08-31T23:53:47.119,814.000,0.018,0.007,0.003,0,0,23.84,0,1,0
2026-08-31T23:53:47.519,814.400,0.018,0.008,0.003,0,0,23.85,0,1,0
2026-08-31T23:53:48.119,815.000,0.787,0.557,0.031,0,6,23.85,2,2,0
2026-08-31T23:53:48.519,815.400,1.109,0.55,0.194,0,29,23.82,1112,2,0
2026-08-31T23:53:49.119,816.000,1.109,0.535,0.204,0,29,23.84,1338,2,0
2026-08-31T23:53:49.519,816.400,1.114,0.533,0.204,0,29,23.82,1348,2,0
2026-08-31T23:53:50.123,817.004,1.109,0.537,0.203,0,29,23.84,1348,2,0
2026-08-31T23:53:50.519,817.400,1.104,0.536,0.204,0,29,23.82,1347,2,0
2026-08-31T23:53:51.119,818.000,1.104,0.541,0.204,0,29,23.84,1347,2,0
2026-08-31T23:53:51.519,818.400,1.109,0.531,0.085,0,0,23.85,448,3,3
2026-08-31T23:53:52.119,819.000,0.018,0.007,0.003,0,0,23.84,41,3,3
2026-08-31T23:53:52.519,819.400,0.013,0.008,0.003,0,0,23.85,1,3,3
2026-08-31T23:53:53.119,820.000,0.018,0.008,0.003,0,0,23.85,0,3,3
2026-08-31T23:53:53.519,820.400,0.018,0.008,0.003,0,0,23.85,0,3,3
2026-08-31T23:53:54.119,821.000,0.018,0.008,0.003,0,0,23.84,0,3,3
2026-08-31T23:53:54.520,821.400,0.018,0.007,0.003,0,0,23.86,0,3,3
2026-08-31T23:53:55.119,822.000,0.018,0.008,0.003,0,0,23.85,0,3,3
2026-08-31T23:53:55.519,822.400,0.018,0.008,0.003,0,0,23.84,0,3,3
2026-08-31T23:53:56.119,823.000,0.018,0.008,0.003,0,0,23.85,0,1,0
2026-08-31T23:53:56.519,823.400,0.018,0.007,0.003,0,0,23.85,0,1,0
2026-08-31T23:53:57.119,824.000,0.813,0.582,0.02,0,4,23.82,0,2,0
2026-08-31T23:53:57.519,824.400,1.093,0.551,0.194,0,29,23.84,1072,2,0
2026-08-31T23:53:58.119,825.000,1.114,0.536,0.204,0,29,23.79,1334,2,0
2026-08-31T23:53:58.519,825.400,1.104,0.535,0.204,0,29,23.84,1348,2,0
2026-08-31T23:53:59.123,826.004,1.109,0.538,0.204,0,29,23.82,1344,2,0
2026-08-31T23:53:59.519,826.400,1.114,0.536,0.205,0,29,23.82,1347,2,0
2026-08-31T23:54:00.119,827.000,1.109,0.54,0.205,0,29,23.82,1346,2,0
2026-08-31T23:54:00.519,827.400,1.098,0.524,0.043,0,0,23.84,283,3,3
2026-08-31T23:54:01.119,828.000,0.018,0.007,0.003,0,0,23.85,44,3,3
2026-08-31T23:54:01.519,828.400,0.018,0.007,0.003,0,0,23.84,1,3,3
2026-08-31T23:54:02.119,829.000,0.018,0.007,0.003,0,0,23.85,0,3,3
2026-08-31T23:54:02.519,829.400,0.018,0.008,0.003,0,0,23.85,0,3,3
2026-08-31T23:54:03.119,830.000,0.013,0.008,0.003,0,0,23.85,0,3,3
2026-08-31T23:54:03.520,830.401,0.018,0.008,0.003,0,0,23.85,0,3,3
2026-08-31T23:54:04.119,831.000,0.013,0.008,0.003,0,0,23.84,0,3,3
2026-08-31T23:54:04.519,831.400,0.018,0.007,0.003,0,0,23.85,0,3,3
2026-08-31T23:54:05.120,832.001,0.018,0.007,0.003,0,0,23.85,0,1,0
2026-08-31T23:54:05.520,832.401,0.013,0.007,0.004,0,0,23.85,0,1,0
2026-08-31T23:54:06.119,833.000,0.018,0.007,0.003,0,2,23.84,0,2,0
2026-08-31T23:54:06.520,833.401,1.109,0.556,0.191,0,29,23.81,975,2,0
2026-08-31T23:54:07.119,834.000,1.114,0.536,0.205,0,29,23.84,1331,2,0
2026-08-31T23:54:07.519,834.400,1.109,0.533,0.204,0,29,23.82,1347,2,0
2026-08-31T23:54:08.123,835.004,1.114,0.533,0.205,0,29,23.82,1345,2,0
2026-08-31T23:54:08.520,835.401,1.109,0.541,0.204,0,29,23.81,1348,2,0
2026-08-31T23:54:09.119,836.000,1.109,0.534,0.205,0,29,23.82,1344,2,0
2026-08-31T23:54:09.520,836.401,1.066,0.527,0.024,0,0,23.85,261,3,3
2026-08-31T23:54:10.120,837.000,0.018,0.007,0.003,0,0,23.84,74,3,3
2026-08-31T23:54:10.519,837.400,0.018,0.007,0.003,0,0,23.84,3,3,3
2026-08-31T23:54:11.119,838.000,0.018,0.008,0.003,0,0,23.85,0,3,3
2026-08-31T23:54:11.519,838.400,0.018,0.008,0.003,0,0,23.84,0,3,3
2026-08-31T23:54:12.119,839.000,0.018,0.008,0.003,0,0,23.84,0,3,3
2026-08-31T23:54:12.520,839.401,0.018,0.007,0.003,0,0,23.85,0,3,3
2026-08-31T23:54:13.119,840.000,0.018,0.008,0.003,0,0,23.85,0,3,3
2026-08-31T23:54:13.520,840.401,0.018,0.007,0.003,0,0,23.84,0,3,3
2026-08-31T23:54:14.119,841.000,0.018,0.007,0.003,0,0,23.84,0,1,0
2026-08-31T23:54:14.520,841.401,0.018,0.007,0.003,0,0,23.84,0,1,0
2026-08-31T23:54:15.123,842.004,0.018,0.007,0.003,0,0,23.84,0,2,0
2026-08-31T23:54:15.519,842.400,1.001,0.575,0.104,0,19,23.84,425,2,0
2026-08-31T23:54:16.119,843.000,1.109,0.557,0.207,0,29,23.82,1286,2,0
2026-08-31T23:54:16.519,843.400,1.109,0.538,0.204,0,29,23.82,1346,2,0
2026-08-31T23:54:17.123,844.004,1.12,0.531,0.203,0,29,23.82,1344,2,0
2026-08-31T23:54:17.519,844.400,1.109,0.537,0.203,0,29,23.84,1349,2,0
2026-08-31T23:54:18.119,845.000,1.104,0.534,0.203,0,29,23.82,1348,2,0
2026-08-31T23:54:18.519,845.400,1.098,0.537,0.023,0,0,23.85,316,3,3
2026-08-31T23:54:19.120,846.001,0.018,0.009,0.003,0,0,23.85,162,3,3
2026-08-31T23:54:19.519,846.400,0.018,0.008,0.003,0,0,23.85,7,3,3
2026-08-31T23:54:20.119,847.000,0.018,0.008,0.003,0,0,23.84,0,3,3
2026-08-31T23:54:20.520,847.401,0.013,0.007,0.003,0,0,23.85,0,3,3
2026-08-31T23:54:21.119,848.000,0.018,0.008,0.003,0,0,23.84,0,3,3
2026-08-31T23:54:21.520,848.400,0.018,0.007,0.003,0,0,23.85,0,3,3
2026-08-31T23:54:22.119,849.000,0.018,0.007,0.003,0,0,23.85,0,3,3
2026-08-31T23:54:22.519,849.400,0.018,0.008,0.003,0,0,23.85,0,3,3
2026-08-31T23:54:23.120,850.001,0.018,0.008,0.003,0,0,23.84,0,1,0
2026-08-31T23:54:23.520,850.401,0.018,0.008,0.004,0,0,23.85,0,1,0
2026-08-31T23:54:24.119,851.000,0.819,0.588,0.041,0,8,23.82,33,2,0
2026-08-31T23:54:24.519,851.400,1.098,0.544,0.195,0,29,23.85,1155,2,0
2026-08-31T23:54:25.119,852.000,1.114,0.535,0.202,0,29,23.82,1339,2,0
2026-08-31T23:54:25.519,852.400,1.109,0.542,0.203,0,29,23.81,1349,2,0
2026-08-31T23:54:26.122,853.003,1.104,0.534,0.203,0,29,23.84,1334,2,0
2026-08-31T23:54:26.519,853.400,1.114,0.532,0.203,0,29,23.81,1348,2,0
2026-08-31T23:54:27.120,854.001,1.098,0.537,0.203,0,29,23.85,1349,2,0
2026-08-31T23:54:27.519,854.400,1.104,0.533,0.062,0,0,23.84,354,3,3
2026-08-31T23:54:28.119,855.000,0.018,0.008,0.003,0,0,23.85,169,3,3
2026-08-31T23:54:28.519,855.400,0.018,0.008,0.003,0,0,23.84,8,3,3
2026-08-31T23:54:29.120,856.001,0.024,0.008,0.003,0,0,23.85,0,3,3
2026-08-31T23:54:29.519,856.400,0.018,0.007,0.003,0,0,23.85,0,3,3
2026-08-31T23:54:30.119,857.000,0.013,0.007,0.003,0,0,23.85,0,3,3
2026-08-31T23:54:30.519,857.400,0.018,0.007,0.003,0,0,23.85,0,3,3
2026-08-31T23:54:31.119,858.000,0.018,0.008,0.003,0,0,23.85,0,3,3
2026-08-31T23:54:31.519,858.400,0.018,0.009,0.003,0,0,23.85,0,3,3
2026-08-31T23:54:32.120,859.001,0.018,0.007,0.003,0,0,23.85,0,1,0
2026-08-31T23:54:32.519,859.400,0.018,0.008,0.003,0,0,23.85,0,1,0
2026-08-31T23:54:33.119,860.000,0.663,0.429,0.029,0,6,23.84,0,2,0
2026-08-31T23:54:33.519,860.400,1.109,0.555,0.192,0,29,23.82,1110,2,0
2026-08-31T23:54:34.119,861.000,1.109,0.536,0.202,0,29,23.82,1340,2,0
2026-08-31T23:54:34.519,861.400,1.114,0.54,0.203,0,29,23.84,1348,2,0
2026-08-31T23:54:35.122,862.003,1.104,0.534,0.203,0,29,23.81,1349,2,0
2026-08-31T23:54:35.520,862.401,1.109,0.536,0.202,0,29,23.85,1350,2,0
2026-08-31T23:54:36.119,863.000,1.12,0.537,0.203,0,29,23.84,1350,2,0
2026-08-31T23:54:36.519,863.400,1.093,0.529,0.022,0,0,23.85,258,3,3
2026-08-31T23:54:37.119,864.000,0.018,0.008,0.003,0,0,23.84,158,3,3
2026-08-31T23:54:37.519,864.400,0.018,0.008,0.003,0,0,23.85,13,3,3
2026-08-31T23:54:38.119,865.000,0.018,0.008,0.003,0,0,23.84,0,3,3
2026-08-31T23:54:38.519,865.400,0.018,0.007,0.003,0,0,23.86,0,3,3
2026-08-31T23:54:39.119,866.000,0.018,0.007,0.003,0,0,23.85,0,3,3
2026-08-31T23:54:39.519,866.400,0.018,0.007,0.003,0,0,23.85,0,3,3
2026-08-31T23:54:40.119,867.000,0.018,0.008,0.003,0,0,23.84,0,3,3
2026-08-31T23:54:40.519,867.400,0.018,0.008,0.003,0,0,23.85,0,3,3
2026-08-31T23:54:41.119,868.000,0.018,0.008,0.003,0,0,23.84,0,1,0
2026-08-31T23:54:41.519,868.400,0.018,0.007,0.003,0,0,23.85,0,1,0
2026-08-31T23:54:42.119,869.000,0.819,0.582,0.022,0,5,23.82,0,2,0
2026-08-31T23:54:42.519,869.400,1.104,0.545,0.193,0,29,23.84,1078,2,0
2026-08-31T23:54:43.119,870.000,1.104,0.534,0.201,0,29,23.82,1338,2,0
2026-08-31T23:54:43.519,870.400,1.114,0.532,0.202,0,29,23.81,1349,2,0
2026-08-31T23:54:44.123,871.004,1.109,0.532,0.203,0,29,23.84,1350,2,0
2026-08-31T23:54:44.519,871.400,1.109,0.532,0.203,0,29,23.82,1347,2,0
2026-08-31T23:54:45.119,872.000,1.109,0.534,0.202,0,29,23.82,1350,2,0
2026-08-31T23:54:45.519,872.400,1.093,0.524,0.024,0,0,23.84,244,3,3
2026-08-31T23:54:46.119,873.000,0.018,0.008,0.003,0,0,23.85,139,3,3
2026-08-31T23:54:46.519,873.400,0.013,0.007,0.003,0,0,23.84,19,3,3
2026-08-31T23:54:47.119,874.000,0.018,0.008,0.003,0,0,23.85,0,3,3
2026-08-31T23:54:47.519,874.400,0.018,0.007,0.003,0,0,23.85,0,3,3
2026-08-31T23:54:48.119,875.000,0.018,0.008,0.003,0,0,23.86,0,3,3
2026-08-31T23:54:48.519,875.400,0.018,0.008,0.003,0,0,23.85,0,3,3
2026-08-31T23:54:49.119,876.000,0.018,0.008,0.003,0,0,23.84,0,3,3
2026-08-31T23:54:49.519,876.400,0.018,0.007,0.003,0,0,23.84,0,3,3
2026-08-31T23:54:50.119,877.000,0.018,0.007,0.003,0,0,23.85,0,1,0
2026-08-31T23:54:50.519,877.400,0.018,0.008,0.003,0,0,23.84,0,1,0
2026-08-31T23:54:51.119,878.000,0.824,0.458,0.036,0,7,23.84,23,2,0
2026-08-31T23:54:51.519,878.400,1.093,0.545,0.194,0,29,23.85,1142,2,0
2026-08-31T23:54:52.119,879.000,1.109,0.533,0.201,0,29,23.82,1342,2,0
2026-08-31T23:54:52.519,879.400,1.109,0.532,0.201,0,29,23.82,1349,2,0
2026-08-31T23:54:53.122,880.003,1.109,0.532,0.2,0,29,23.82,1352,2,0
2026-08-31T23:54:53.524,880.405,1.109,0.53,0.199,0,29,23.82,1352,2,0
2026-08-31T23:54:54.119,881.000,1.12,0.529,0.199,0,29,23.84,1353,2,0
2026-08-31T23:54:54.519,881.400,1.087,0.519,0.023,0,0,23.85,149,3,3
2026-08-31T23:54:55.119,882.000,0.018,0.008,0.003,0,0,23.85,6,3,3
2026-08-31T23:54:55.519,882.400,0.018,0.007,0.003,0,0,23.85,0,3,3
2026-08-31T23:54:56.119,883.000,0.018,0.008,0.003,0,0,23.82,0,3,3
2026-08-31T23:54:56.519,883.400,0.018,0.007,0.003,0,0,23.85,0,3,3
2026-08-31T23:54:57.119,884.000,0.018,0.008,0.003,0,0,23.84,0,3,3
2026-08-31T23:54:57.519,884.400,0.018,0.007,0.002,0,0,23.85,0,3,3
2026-08-31T23:54:58.119,885.000,0.018,0.007,0.003,0,0,23.85,0,3,3
2026-08-31T23:54:58.519,885.400,0.018,0.007,0.003,0,0,23.85,0,3,3
2026-08-31T23:54:59.119,886.000,0.018,0.007,0.003,0,0,23.85,0,1,0
2026-08-31T23:54:59.519,886.400,0.018,0.007,0.003,0,0,23.85,0,1,0
2026-08-31T23:55:00.119,887.000,0.018,0.007,0.003,0,0,23.84,0,2,0
2026-08-31T23:55:00.519,887.400,1.044,0.53,0.156,0,27,23.82,775,2,0
2026-08-31T23:55:01.119,888.000,1.114,0.539,0.202,0,29,23.82,1326,2,0
2026-08-31T23:55:01.519,888.400,1.109,0.536,0.2,0,29,23.82,1346,2,0
2026-08-31T23:55:02.122,889.003,1.114,0.53,0.201,0,29,23.84,1351,2,0
2026-08-31T23:55:02.519,889.400,1.114,0.533,0.201,0,29,23.84,1348,2,0
2026-08-31T23:55:03.119,890.000,1.12,0.533,0.2,0,29,23.82,1351,2,0
2026-08-31T23:55:03.520,890.401,1.098,0.533,0.022,0,0,23.85,161,3,3
2026-08-31T23:55:04.119,891.000,0.018,0.008,0.003,0,0,23.85,7,3,3
2026-08-31T23:55:04.519,891.400,0.018,0.008,0.003,0,0,23.84,0,3,3
2026-08-31T23:55:05.119,892.000,0.018,0.007,0.003,0,0,23.85,0,3,3
2026-08-31T23:55:05.519,892.400,0.018,0.007,0.003,0,0,23.85,0,3,3
2026-08-31T23:55:06.119,893.000,0.018,0.008,0.003,0,0,23.85,0,3,3
2026-08-31T23:55:06.520,893.401,0.018,0.008,0.003,0,0,23.85,0,3,3
2026-08-31T23:55:07.119,894.000,0.013,0.007,0.003,0,0,23.85,0,3,3
2026-08-31T23:55:07.520,894.401,0.018,0.008,0.003,0,0,23.85,0,3,3
2026-08-31T23:55:08.119,895.000,0.018,0.008,0.003,0,0,23.84,0,1,0
2026-08-31T23:55:08.519,895.400,0.018,0.008,0.003,0,0,23.84,0,1,0
2026-08-31T23:55:09.119,896.000,0.754,0.469,0.03,0,6,23.82,1,2,0
2026-08-31T23:55:09.519,896.400,1.109,0.559,0.192,0,29,23.82,1105,2,0
2026-08-31T23:55:10.119,897.000,1.114,0.534,0.201,0,29,23.82,1340,2,0
2026-08-31T23:55:10.520,897.401,1.12,0.529,0.201,0,29,23.84,1342,2,0
2026-08-31T23:55:11.122,898.003,1.114,0.53,0.201,0,29,23.84,1351,2,0
2026-08-31T23:55:11.518,898.399,1.109,0.533,0.202,0,29,23.82,1351,2,0
2026-08-31T23:55:12.120,899.001,1.104,0.532,0.201,0,29,23.81,1351,2,0
2026-08-31T23:55:12.519,899.400,1.109,0.53,0.024,0,0,23.84,198,3,3
2026-08-31T23:55:13.119,900.000,0.018,0.007,0.003,0,0,23.84,8,3,3
2026-08-31T23:55:13.519,900.400,0.018,0.007,0.003,0,0,23.85,0,3,3
2026-08-31T23:55:14.120,901.001,0.024,0.007,0.003,0,0,23.85,0,3,3
2026-08-31T23:55:14.519,901.400,0.013,0.007,0.003,0,0,23.85,0,3,3
2026-08-31T23:55:15.120,902.001,0.013,0.008,0.003,0,0,23.85,0,3,3
2026-08-31T23:55:15.519,902.400,0.013,0.007,0.003,0,0,23.85,0,3,3
2026-08-31T23:55:16.119,903.000,0.018,0.007,0.003,0,0,23.85,0,3,3
2026-08-31T23:55:16.519,903.400,0.018,0.008,0.003,0,0,23.85,0,3,3
2026-08-31T23:55:17.119,904.000,0.018,0.008,0.003,0,0,23.85,0,1,0
2026-08-31T23:55:17.519,904.400,0.018,0.007,0.003,0,0,23.84,0,1,0
2026-08-31T23:55:18.119,905.000,0.104,0.097,0.004,0,2,23.85,0,2,0
2026-08-31T23:55:18.520,905.401,1.082,0.552,0.196,0,29,23.82,999,2,0
2026-08-31T23:55:19.119,906.000,1.114,0.534,0.201,0,29,23.84,1336,2,0
2026-08-31T23:55:19.519,906.400,1.114,0.535,0.201,0,29,23.84,1349,2,0
2026-08-31T23:55:20.124,907.005,1.109,0.533,0.201,0,29,23.82,1350,2,0
2026-08-31T23:55:20.519,907.400,1.114,0.53,0.201,0,29,23.81,1350,2,0
2026-08-31T23:55:21.120,908.001,1.109,0.531,0.201,0,29,23.82,1351,2,0
2026-08-31T23:55:21.520,908.401,1.109,0.531,0.065,0,0,23.85,344,3,3
2026-08-31T23:55:22.119,909.000,0.018,0.007,0.003,0,0,23.85,15,3,3
2026-08-31T23:55:22.519,909.400,0.018,0.007,0.003,0,0,23.85,0,3,3
2026-08-31T23:55:23.120,910.000,0.018,0.007,0.003,0,0,23.85,0,3,3
2026-08-31T23:55:23.519,910.400,0.018,0.007,0.003,0,0,23.85,0,3,3
2026-08-31T23:55:24.119,911.000,0.018,0.008,0.003,0,0,23.85,0,3,3
2026-08-31T23:55:24.519,911.400,0.018,0.008,0.003,0,0,23.84,0,3,3
2026-08-31T23:55:25.119,912.000,0.024,0.007,0.003,0,0,23.85,0,3,3
2026-08-31T23:55:25.519,912.400,0.013,0.007,0.003,0,0,23.86,0,3,3
2026-08-31T23:55:26.119,913.000,0.018,0.008,0.003,0,0,23.85,0,3,3
2026-08-31T23:55:26.520,913.401,0.018,0.008,0.003,0,0,23.85,0,3,3
2026-08-31T23:55:27.119,914.000,0.018,0.008,0.003,0,0,23.86,0,3,3
2026-08-31T23:55:27.519,914.400,0.018,0.008,0.003,0,0,23.84,0,3,3
2026-08-31T23:55:28.119,915.000,0.018,0.007,0.003,0,0,23.85,0,3,3
2026-08-31T23:55:28.519,915.400,0.018,0.007,0.003,0,0,23.85,0,3,3
2026-08-31T23:55:29.119,916.000,0.018,0.007,0.003,0,0,23.85,0,3,3
2026-08-31T23:55:29.519,916.400,0.018,0.008,0.003,0,0,23.85,0,3,3
2026-08-31T23:55:30.119,917.000,0.018,0.008,0.003,0,0,23.85,0,3,3
2026-08-31T23:55:30.519,917.400,0.018,0.007,0.003,0,0,23.85,0,3,3
2026-08-31T23:55:31.120,918.001,0.018,0.007,0.003,0,0,23.85,0,3,3
2026-08-31T23:55:31.519,918.400,0.018,0.007,0.003,0,0,23.85,0,3,3
2026-08-31T23:55:32.119,919.000,0.018,0.007,0.003,0,0,23.85,0,3,3
2026-08-31T23:55:32.519,919.400,0.018,0.007,0.003,0,0,23.84,0,3,3
2026-08-31T23:55:33.119,920.000,0.018,0.008,0.003,0,0,23.85,0,3,3
2026-08-31T23:55:33.519,920.400,0.018,0.007,0.003,0,0,23.84,0,3,3
2026-08-31T23:55:34.119,921.000,0.018,0.008,0.003,0,0,23.85,0,3,3
2026-08-31T23:55:34.519,921.400,0.018,0.007,0.003,0,0,23.84,0,3,3
2026-08-31T23:55:35.119,922.000,0.024,0.009,0.003,0,0,23.85,0,3,3
2026-08-31T23:55:35.519,922.400,0.018,0.007,0.003,0,0,23.85,0,3,3
2026-08-31T23:55:36.119,923.000,0.013,0.007,0.003,0,0,23.85,0,3,3
2026-08-31T23:55:36.519,923.400,0.013,0.007,0.003,0,0,23.85,0,3,3
2026-08-31T23:55:37.119,924.000,0.018,0.008,0.003,0,0,23.85,0,3,3
2026-08-31T23:55:37.520,924.401,0.018,0.008,0.003,0,0,23.85,0,3,3
2026-08-31T23:55:38.119,925.000,0.018,0.007,0.003,0,0,23.85,0,3,3
2026-08-31T23:55:38.519,925.400,0.018,0.008,0.003,0,0,23.85,0,3,3
2026-08-31T23:55:39.119,926.000,0.018,0.008,0.003,0,0,23.85,0,3,3
2026-08-31T23:55:39.520,926.401,0.018,0.007,0.003,0,0,23.85,0,3,3
2026-08-31T23:55:40.120,927.001,0.018,0.008,0.003,0,0,23.84,0,3,3
2026-08-31T23:55:40.519,927.400,0.018,0.007,0.003,0,0,23.85,0,3,3
2026-08-31T23:55:41.120,928.001,0.018,0.008,0.003,0,0,23.85,0,3,3
2026-08-31T23:55:41.626,928.507,0.018,0.007,0.003,0,0,23.85,0,3,3
2026-08-31T23:55:42.049,928.930,0.018,0.007,0.003,0,0,23.85,0,3,3
2026-08-31T23:55:42.548,929.429,0.018,0.008,0.003,0,0,23.85,0,3,3
2026-08-31T23:55:43.120,930.001,0.018,0.007,0.003,0,0,23.85,0,3,3
2026-08-31T23:55:43.519,930.400,0.018,0.008,0.003,0,0,23.85,0,3,3
2026-08-31T23:55:44.119,931.000,0.018,0.008,0.003,0,0,23.85,0,3,3
2026-08-31T23:55:44.519,931.400,0.018,0.008,0.003,0,0,23.84,0,3,3
2026-08-31T23:55:44.968,931.849,0.018,0.008,0.003,0,0,23.85,0,3,3
2026-08-31T23:55:45.520,932.401,0.018,0.007,0.003,0,0,23.85,0,3,3
2026-08-31T23:55:46.120,933.001,0.018,0.007,0.003,0,0,23.85,0,3,3
2026-08-31T23:55:46.519,933.400,0.013,0.007,0.003,0,0,23.84,0,3,3
2026-08-31T23:55:47.119,934.000,0.018,0.008,0.003,0,0,23.84,0,3,3
2026-08-31T23:55:47.520,934.401,0.018,0.008,0.003,0,0,23.85,0,3,3
2026-08-31T23:55:48.119,935.000,0.018,0.008,0.003,0,0,23.86,0,3,3
2026-08-31T23:55:48.577,935.458,0.018,0.007,0.003,0,0,23.85,0,3,3
2026-08-31T23:55:49.119,936.000,0.018,0.007,0.003,0,0,23.84,0,3,3
2026-08-31T23:55:49.608,936.489,0.018,0.007,0.003,0,0,23.85,0,3,3
2026-08-31T23:55:50.120,937.001,0.018,0.007,0.003,0,0,23.84,0,3,3
2026-08-31T23:55:50.519,937.400,0.018,0.007,0.003,0,0,23.85,0,3,3
2026-08-31T23:55:51.120,938.001,0.018,0.007,0.003,0,0,23.85,0,3,3
2026-08-31T23:55:51.520,938.401,0.018,0.008,0.003,0,0,23.84,0,3,3
2026-08-31T23:55:52.119,939.000,0.018,0.008,0.003,0,0,23.84,0,3,3
2026-08-31T23:55:52.520,939.400,0.013,0.007,0.003,0,0,23.85,0,3,3
2026-08-31T23:55:53.120,940.001,0.018,0.007,0.003,0,0,23.84,0,3,3
2026-08-31T23:55:53.519,940.400,0.018,0.007,0.003,0,0,23.85,0,3,3
2026-08-31T23:55:54.119,941.000,0.018,0.007,0.003,0,0,23.85,0,3,3
2026-08-31T23:55:54.519,941.400,0.018,0.008,0.003,0,0,23.85,0,3,3
2026-08-31T23:55:55.119,942.000,0.018,0.007,0.003,0,0,23.85,0,3,3
2026-08-31T23:55:55.520,942.401,0.024,0.009,0.003,0,0,23.85,0,3,3
2026-08-31T23:55:56.119,943.000,0.018,0.008,0.003,0,0,23.84,0,3,3
2026-08-31T23:55:56.520,943.401,0.018,0.007,0.003,0,0,23.84,0,3,3
2026-08-31T23:55:57.120,944.001,0.018,0.008,0.003,0,0,23.85,0,3,3
2026-08-31T23:55:57.519,944.400,0.018,0.008,0.003,0,0,23.84,0,3,3
2026-08-31T23:55:58.119,945.000,0.018,0.008,0.003,0,0,23.84,0,3,3
2026-08-31T23:55:58.520,945.401,0.018,0.008,0.003,0,0,23.85,0,3,3
2026-08-31T23:55:59.120,946.001,0.018,0.007,0.003,0,0,23.85,0,3,3
2026-08-31T23:55:59.520,946.401,0.018,0.008,0.003,0,0,23.85,0,3,3
2026-08-31T23:56:00.120,947.001,0.018,0.008,0.003,0,0,23.85,0,3,3
2026-08-31T23:56:00.519,947.400,0.018,0.008,0.003,0,0,23.84,0,3,3
2026-08-31T23:56:01.120,948.001,0.018,0.007,0.003,0,0,23.85,0,3,3
2026-08-31T23:56:01.520,948.401,0.018,0.007,0.003,0,0,23.85,0,3,3
2026-08-31T23:56:02.119,949.000,0.024,0.007,0.003,0,0,23.85,0,3,3
2026-08-31T23:56:02.519,949.400,0.018,0.008,0.003,0,0,23.85,0,3,3
2026-08-31T23:56:03.119,950.000,0.018,0.008,0.003,0,0,23.85,0,3,3
2026-08-31T23:56:03.519,950.400,0.018,0.008,0.003,0,0,23.86,0,3,3
2026-08-31T23:56:04.136,951.017,0.013,0.008,0.003,0,0,23.85,0,3,3
2026-08-31T23:56:04.522,951.403,0.018,0.008,0.003,0,0,23.85,0,3,3
2026-08-31T23:56:05.119,952.000,0.018,0.008,0.003,0,0,23.84,0,3,3
2026-08-31T23:56:05.519,952.400,0.013,0.007,0.003,0,0,23.85,0,3,3
2026-08-31T23:56:06.119,953.000,0.018,0.008,0.003,0,0,23.84,0,3,3
2026-08-31T23:56:06.520,953.401,0.018,0.008,0.003,0,0,23.84,0,3,3
2026-08-31T23:56:07.123,954.004,0.013,0.007,0.003,0,0,23.85,0,3,3
2026-08-31T23:56:07.519,954.400,0.018,0.007,0.003,0,0,23.85,0,3,3
2026-08-31T23:56:08.119,955.000,0.018,0.007,0.003,0,0,23.85,0,3,3
2026-08-31T23:56:08.519,955.400,0.018,0.008,0.003,0,0,23.85,0,3,3
2026-08-31T23:56:09.120,956.001,0.018,0.008,0.003,0,0,23.85,0,3,3
2026-08-31T23:56:09.519,956.400,0.018,0.008,0.003,0,0,23.85,0,3,3
2026-08-31T23:56:10.119,957.000,0.018,0.008,0.003,0,0,23.85,0,3,3
2026-08-31T23:56:10.520,957.400,0.018,0.009,0.003,0,0,23.85,0,3,3
2026-08-31T23:56:11.119,958.000,0.018,0.007,0.003,0,0,23.84,0,3,3
2026-08-31T23:56:11.519,958.400,0.018,0.007,0.003,0,0,23.85,0,3,3
2026-08-31T23:56:12.120,959.001,0.018,0.008,0.003,0,0,23.85,0,3,3
2026-08-31T23:56:12.519,959.400,0.018,0.007,0.003,0,0,23.84,0,3,3
2026-08-31T23:56:13.119,960.000,0.018,0.007,0.003,0,0,23.85,0,3,3
2026-08-31T23:56:13.520,960.401,0.018,0.007,0.003,0,0,23.85,0,3,3
2026-08-31T23:56:14.119,961.000,0.018,0.008,0.003,0,0,23.85,0,3,3
2026-08-31T23:56:14.519,961.400,0.018,0.008,0.003,0,0,23.84,0,3,3
2026-08-31T23:56:15.119,962.000,0.018,0.007,0.003,0,0,23.85,0,3,3
2026-08-31T23:56:15.519,962.400,0.018,0.007,0.003,0,0,23.85,0,3,3
2026-08-31T23:56:16.120,963.001,0.018,0.007,0.003,0,0,23.86,0,3,3
2026-08-31T23:56:16.519,963.400,0.018,0.007,0.003,0,0,23.85,0,3,3
2026-08-31T23:56:17.119,964.000,0.018,0.007,0.003,0,0,23.85,0,3,3
2026-08-31T23:56:17.520,964.401,0.024,0.007,0.003,0,0,23.85,0,3,3
2026-08-31T23:56:18.119,965.000,0.018,0.008,0.003,0,0,23.84,0,3,3
2026-08-31T23:56:18.520,965.401,0.018,0.007,0.003,0,0,23.85,0,3,3
2026-08-31T23:56:19.119,966.000,0.018,0.008,0.003,0,0,23.85,0,3,3
2026-08-31T23:56:19.519,966.400,0.018,0.007,0.003,0,0,23.85,0,3,3
2026-08-31T23:56:20.119,967.000,0.018,0.008,0.003,0,0,23.85,0,3,3
2026-08-31T23:56:20.519,967.400,0.018,0.008,0.003,0,0,23.84,0,3,3
2026-08-31T23:56:21.120,968.001,0.018,0.008,0.003,0,0,23.85,0,3,3
2026-08-31T23:56:21.519,968.400,0.018,0.009,0.003,0,0,23.85,0,3,3
2026-08-31T23:56:22.120,969.001,0.018,0.008,0.003,0,0,23.85,0,3,3
2026-08-31T23:56:22.519,969.400,0.018,0.007,0.003,0,0,23.85,0,3,3
2026-08-31T23:56:23.119,970.000,0.018,0.008,0.003,0,0,23.85,0,3,3
2026-08-31T23:56:23.519,970.400,0.018,0.008,0.003,0,0,23.85,0,3,3
2026-08-31T23:56:24.120,971.001,0.018,0.009,0.003,0,0,23.85,0,3,3
2026-08-31T23:56:24.520,971.401,0.018,0.007,0.003,0,0,23.84,0,3,3
2026-08-31T23:56:25.119,972.000,0.024,0.008,0.003,0,0,23.85,0,3,3
2026-08-31T23:56:25.519,972.400,0.018,0.008,0.003,0,0,23.85,0,3,3
2026-08-31T23:56:26.119,973.000,0.018,0.008,0.003,0,0,23.84,0,3,3
2026-08-31T23:56:26.519,973.400,0.018,0.008,0.003,0,0,23.85,0,3,3
2026-08-31T23:56:27.204,974.085,0.018,0.008,0.003,0,0,23.85,0,3,3
2026-08-31T23:56:27.519,974.400,0.018,0.007,0.003,0,0,23.85,0,3,3
2026-08-31T23:56:28.120,975.001,0.018,0.008,0.003,0,0,23.85,0,3,3
2026-08-31T23:56:28.519,975.400,0.018,0.008,0.003,0,0,23.85,0,3,3
2026-08-31T23:56:29.119,976.000,0.018,0.007,0.003,0,0,23.85,0,3,3
2026-08-31T23:56:29.520,976.401,0.018,0.008,0.003,0,0,23.84,0,3,3
2026-08-31T23:56:30.119,977.000,0.018,0.007,0.003,0,0,23.85,0,3,3
2026-08-31T23:56:30.519,977.400,0.018,0.007,0.003,0,0,23.85,0,3,3
2026-08-31T23:56:31.119,978.000,0.018,0.008,0.003,0,0,23.85,0,3,3
2026-08-31T23:56:31.519,978.400,0.018,0.007,0.003,0,0,23.86,0,3,3
2026-08-31T23:56:32.119,979.000,0.018,0.008,0.003,0,0,23.84,0,3,3
2026-08-31T23:56:32.520,979.401,0.018,0.008,0.003,0,0,23.85,0,3,3
2026-08-31T23:56:33.119,980.000,0.018,0.008,0.003,0,0,23.85,0,3,3
2026-08-31T23:56:33.567,980.448,0.018,0.007,0.003,0,0,23.85,0,3,3
2026-08-31T23:56:34.120,981.001,0.018,0.008,0.003,0,0,23.86,0,3,3
2026-08-31T23:56:34.519,981.400,0.018,0.007,0.003,0,0,23.85,0,3,3
2026-08-31T23:56:35.119,982.000,0.018,0.008,0.003,0,0,23.85,0,3,3
2026-08-31T23:56:35.519,982.400,0.018,0.007,0.003,0,0,23.85,0,3,3
2026-08-31T23:56:36.119,983.000,0.018,0.008,0.003,0,0,23.85,0,3,3
2026-08-31T23:56:36.519,983.400,0.013,0.007,0.003,0,0,23.84,0,3,3
2026-08-31T23:56:37.119,984.000,0.024,0.008,0.003,0,0,23.85,0,3,3
2026-08-31T23:56:37.519,984.400,0.018,0.008,0.003,0,0,23.84,0,3,3
2026-08-31T23:56:38.119,985.000,0.018,0.008,0.003,0,0,23.85,0,3,3
2026-08-31T23:56:38.519,985.400,0.018,0.008,0.003,0,0,23.86,0,3,3
2026-08-31T23:56:39.119,986.000,0.018,0.008,0.003,0,0,23.85,0,3,3
2026-08-31T23:56:39.519,986.400,0.018,0.008,0.003,0,0,23.84,0,3,3
2026-08-31T23:56:40.119,987.000,0.018,0.007,0.003,0,0,23.85,0,3,3
2026-08-31T23:56:40.520,987.400,0.018,0.008,0.003,0,0,23.86,0,3,3
2026-08-31T23:56:41.119,988.000,0.024,0.008,0.003,0,0,23.85,0,3,3
2026-08-31T23:56:41.519,988.400,0.018,0.007,0.003,0,0,23.85,0,3,3
2026-08-31T23:56:42.120,989.001,0.018,0.008,0.003,0,0,23.84,0,3,3
2026-08-31T23:56:42.520,989.401,0.018,0.007,0.003,0,0,23.84,0,3,3
2026-08-31T23:56:43.120,990.001,0.018,0.008,0.003,0,0,23.85,0,3,3
2026-08-31T23:56:43.535,990.416,0.024,0.007,0.003,0,0,23.85,0,3,3
2026-08-31T23:56:44.119,991.000,0.018,0.008,0.003,0,0,23.85,0,3,3
2026-08-31T23:56:44.519,991.400,0.018,0.007,0.003,0,0,23.85,0,3,3
2026-08-31T23:56:45.120,992.001,0.018,0.007,0.003,0,0,23.85,0,3,3
2026-08-31T23:56:45.519,992.400,0.018,0.008,0.003,0,0,23.85,0,3,3
2026-08-31T23:56:46.119,993.000,0.018,0.007,0.003,0,0,23.85,0,3,3
2026-08-31T23:56:46.519,993.400,0.018,0.007,0.003,0,0,23.86,0,3,3
2026-08-31T23:56:47.119,994.000,0.018,0.007,0.003,0,0,23.85,0,3,3
2026-08-31T23:56:47.519,994.400,0.013,0.007,0.003,0,0,23.84,0,3,3
2026-08-31T23:56:48.119,995.000,0.018,0.008,0.003,0,0,23.85,0,3,3
2026-08-31T23:56:48.519,995.400,0.018,0.008,0.003,0,0,23.85,0,3,3
2026-08-31T23:56:49.119,996.000,0.018,0.008,0.003,0,0,23.86,0,3,3
2026-08-31T23:56:49.519,996.400,0.018,0.008,0.003,0,0,23.84,0,3,3
2026-08-31T23:56:50.119,997.000,0.018,0.008,0.003,0,0,23.84,0,3,3
2026-08-31T23:56:50.519,997.400,0.018,0.008,0.003,0,0,23.85,0,3,3
2026-08-31T23:56:51.120,998.001,0.018,0.008,0.003,0,0,23.84,0,3,3
2026-08-31T23:56:51.520,998.401,0.018,0.008,0.003,0,0,23.85,0,3,3
2026-08-31T23:56:52.119,999.000,0.018,0.008,0.003,0,0,23.85,0,3,3
2026-08-31T23:56:52.519,999.400,0.018,0.008,0.003,0,0,23.85,0,3,3
2026-08-31T23:56:53.120,1000.001,0.018,0.007,0.003,0,0,23.85,0,3,3
2026-08-31T23:56:53.519,1000.400,0.018,0.008,0.003,0,0,23.85,0,3,3
2026-08-31T23:56:54.120,1001.001,0.018,0.007,0.003,0,0,23.85,0,3,3
2026-08-31T23:56:54.520,1001.401,0.024,0.007,0.003,0,0,23.85,0,3,3
2026-08-31T23:56:55.120,1002.001,0.018,0.008,0.003,0,0,23.85,0,3,3
2026-08-31T23:56:55.519,1002.400,0.018,0.007,0.003,0,0,23.85,0,3,3
2026-08-31T23:56:56.119,1003.000,0.018,0.008,0.003,0,0,23.85,0,3,3
2026-08-31T23:56:56.519,1003.400,0.018,0.007,0.003,0,0,23.86,0,3,3
2026-08-31T23:56:57.120,1004.001,0.018,0.007,0.003,0,0,23.85,0,3,3
2026-08-31T23:56:57.519,1004.400,0.018,0.008,0.003,0,0,23.85,0,3,3
2026-08-31T23:56:58.120,1005.001,0.018,0.008,0.003,0,0,23.85,0,3,3
2026-08-31T23:56:58.519,1005.400,0.018,0.008,0.003,0,0,23.84,0,3,3
2026-08-31T23:56:59.119,1006.000,0.018,0.008,0.003,0,0,23.85,0,3,3
2026-08-31T23:56:59.519,1006.400,0.018,0.008,0.003,0,0,23.85,0,3,3
2026-08-31T23:57:00.119,1007.000,0.018,0.008,0.003,0,0,23.85,0,3,3
2026-08-31T23:57:00.519,1007.400,0.018,0.008,0.003,0,0,23.85,0,3,3
2026-08-31T23:57:01.119,1008.000,0.018,0.008,0.003,0,0,23.84,0,3,3
2026-08-31T23:57:01.519,1008.400,0.018,0.007,0.003,0,0,23.85,0,3,3
2026-08-31T23:57:02.119,1009.000,0.018,0.007,0.003,0,0,23.85,0,3,3
2026-08-31T23:57:02.520,1009.401,0.018,0.008,0.003,0,0,23.85,0,3,3
2026-08-31T23:57:03.119,1010.000,0.018,0.007,0.003,0,0,23.85,0,3,3
2026-08-31T23:57:03.519,1010.400,0.018,0.008,0.003,0,0,23.85,0,3,3
2026-08-31T23:57:04.120,1011.001,0.018,0.007,0.003,0,0,23.85,0,3,3
2026-08-31T23:57:04.519,1011.400,0.018,0.008,0.003,0,0,23.85,0,3,3
2026-08-31T23:57:05.119,1012.000,0.018,0.008,0.003,0,0,23.84,0,3,3
2026-08-31T23:57:05.519,1012.400,0.018,0.007,0.003,0,0,23.85,0,3,3
2026-08-31T23:57:06.119,1013.000,0.018,0.007,0.003,0,0,23.85,0,3,3
2026-08-31T23:57:06.519,1013.400,0.018,0.007,0.003,0,0,23.84,0,3,3
2026-08-31T23:57:06.977,1013.858,0.018,0.007,0.003,0,0,23.85,0,3,3
2026-08-31T23:57:07.519,1014.400,0.024,0.008,0.003,0,0,23.85,0,3,3
2026-08-31T23:57:08.119,1015.000,0.018,0.008,0.003,0,0,23.85,0,3,3
2026-08-31T23:57:08.519,1015.400,0.024,0.008,0.003,0,0,23.85,0,3,3
2026-08-31T23:57:09.119,1016.000,0.018,0.008,0.003,0,0,23.85,0,3,3
2026-08-31T23:57:09.519,1016.400,0.018,0.007,0.003,0,0,23.85,0,3,3
2026-08-31T23:57:10.120,1017.001,0.018,0.008,0.003,0,0,23.85,0,3,3
2026-08-31T23:57:10.520,1017.401,0.018,0.008,0.003,0,0,23.84,0,3,3
2026-08-31T23:57:11.119,1018.000,0.018,0.008,0.003,0,0,23.85,0,3,3
2026-08-31T23:57:11.520,1018.401,0.018,0.007,0.003,0,0,23.85,0,3,3
2026-08-31T23:57:12.119,1019.000,0.018,0.008,0.003,0,0,23.85,0,3,3
2026-08-31T23:57:12.519,1019.400,0.018,0.008,0.003,0,0,23.85,0,3,3
2026-08-31T23:57:13.120,1020.000,0.018,0.007,0.003,0,0,23.86,0,3,3
2026-08-31T23:57:13.519,1020.400,0.018,0.008,0.003,0,0,23.84,0,3,3
2026-08-31T23:57:14.119,1021.000,0.013,0.007,0.003,0,0,23.84,0,3,3
2026-08-31T23:57:14.519,1021.400,0.018,0.007,0.003,0,0,23.85,0,3,3
2026-08-31T23:57:15.120,1022.001,0.018,0.008,0.003,0,0,23.85,0,3,3
2026-08-31T23:57:15.519,1022.400,0.018,0.008,0.003,0,0,23.84,0,3,3
2026-08-31T23:57:16.198,1023.079,0.018,0.007,0.003,0,0,23.84,0,3,3
2026-08-31T23:57:16.519,1023.400,0.018,0.007,0.003,0,0,23.85,0,3,3
2026-08-31T23:57:17.120,1024.001,0.018,0.008,0.003,0,0,23.84,0,3,3
2026-08-31T23:57:17.520,1024.401,0.018,0.008,0.003,0,0,23.85,0,3,3
2026-08-31T23:57:18.120,1025.001,0.018,0.008,0.003,0,0,23.84,0,3,3
2026-08-31T23:57:18.520,1025.401,0.018,0.009,0.003,0,0,23.84,0,3,3
2026-08-31T23:57:19.120,1026.001,0.018,0.007,0.003,0,0,23.85,0,3,3
2026-08-31T23:57:19.519,1026.400,0.018,0.008,0.003,0,0,23.84,0,3,3
2026-08-31T23:57:20.119,1027.000,0.018,0.008,0.003,0,0,23.85,0,3,3
2026-08-31T23:57:20.520,1027.401,0.018,0.008,0.003,0,0,23.85,0,3,3
2026-08-31T23:57:21.119,1028.000,0.018,0.008,0.003,0,0,23.85,0,3,3
2026-08-31T23:57:21.519,1028.400,0.018,0.008,0.003,0,0,23.85,0,3,3
2026-08-31T23:57:22.119,1029.000,0.018,0.008,0.003,0,0,23.84,0,3,3
2026-08-31T23:57:22.519,1029.400,0.018,0.008,0.003,0,0,23.84,0,3,3
2026-08-31T23:57:23.120,1030.000,0.018,0.008,0.003,0,0,23.85,0,3,3
2026-08-31T23:57:23.519,1030.400,0.018,0.008,0.003,0,0,23.84,0,3,3
2026-08-31T23:57:24.120,1031.001,0.018,0.008,0.003,0,0,23.84,0,3,3
2026-08-31T23:57:24.519,1031.400,0.018,0.008,0.003,0,0,23.85,0,3,3
2026-08-31T23:57:25.119,1032.000,0.018,0.008,0.003,0,0,23.85,0,3,3
2026-08-31T23:57:25.519,1032.400,0.018,0.008,0.003,0,0,23.85,0,3,3
2026-08-31T23:57:26.119,1033.000,0.018,0.007,0.003,0,0,23.85,0,3,3
2026-08-31T23:57:26.520,1033.401,0.018,0.008,0.003,0,0,23.84,0,3,3
2026-08-31T23:57:27.119,1034.000,0.018,0.008,0.003,0,0,23.84,0,3,3
2026-08-31T23:57:27.519,1034.400,0.018,0.007,0.003,0,0,23.86,0,3,3
